Language_Group,Style,File,Detected_Lang,Status,Details
Chinese (Simplified),Literal,prompt_1.txt,Python,PASS,Valid Python Syntax
Chinese (Simplified),Literal,prompt_2.txt,C-Style/Brace,PASS,Balanced Structure
Chinese (Simplified),Literal,prompt_3.txt,PHP,PASS,Balanced Structure
Chinese (Simplified),Literal,prompt_4.txt,C-Style/Brace,PASS,Balanced Structure
Chinese (Simplified),Literal,prompt_5.txt,C-Style/Brace,PASS,Balanced Structure
Chinese (Simplified),Literal,prompt_6.txt,Python,PASS,Valid Python Syntax
Chinese (Simplified),Literal,prompt_7.txt,JavaScript,PASS,Balanced Structure
Chinese (Simplified),Literal,prompt_8.txt,C-Style/Brace,PASS,Balanced Structure
Chinese (Simplified),Literal,prompt_9.txt,C-Style/Brace,PASS,Balanced Structure
Chinese (Simplified),Literal,prompt_10.txt,C-Style/Brace,PASS,Balanced Structure
Chinese (Simplified),Literal,prompt_11.txt,Python,PASS,Valid Python Syntax
Chinese (Simplified),Literal,prompt_12.txt,C-Style/Brace,PASS,Balanced Structure
Chinese (Simplified),Literal,prompt_13.txt,Unknown,FAIL,No recognizable code or logic patterns
Chinese (Simplified),Literal,prompt_14.txt,Python,PASS,Valid Python Syntax
Chinese (Simplified),Literal,prompt_15.txt,Unknown,FAIL,No recognizable code or logic patterns
Chinese (Simplified),Literal,prompt_16.txt,C-Style/Brace,PASS,Balanced Structure
Chinese (Simplified),Literal,prompt_17.txt,C-Style/Brace,PASS,Balanced Structure
Chinese (Simplified),Literal,prompt_18.txt,C-Style/Brace,PASS,Balanced Structure
Chinese (Simplified),Literal,prompt_19.txt,Python,PASS,Valid Python Syntax
Chinese (Simplified),Literal,prompt_20.txt,C-Style/Brace,PASS,Balanced Structure
Chinese (Simplified),Literal,prompt_21.txt,Python,PASS,Valid Python Syntax
Chinese (Simplified),Literal,prompt_22.txt,C-Style/Brace,PASS,Balanced Structure
Chinese (Simplified),Literal,prompt_23.txt,C-Style/Brace,PASS,Balanced Structure
Chinese (Simplified),Literal,prompt_24.txt,JavaScript,PASS,Balanced Structure
Chinese (Simplified),Literal,prompt_25.txt,Unknown,FAIL,No recognizable code or logic patterns
Chinese (Simplified),Literal,prompt_26.txt,C-Style/Brace,PASS,Balanced Structure
Chinese (Simplified),Literal,prompt_27.txt,Python,PASS,Valid Python Syntax
Chinese (Simplified),Literal,prompt_28.txt,JavaScript,PASS,Balanced Structure
Chinese (Simplified),Literal,prompt_29.txt,Generic Snippet,PASS,Validated via structural balance
Chinese (Simplified),Literal,prompt_30.txt,C-Style/Brace,PASS,Balanced Structure
Chinese (Simplified),Literal,prompt_31.txt,Python,PASS,Valid Python Syntax
Chinese (Simplified),Literal,prompt_32.txt,C-Style/Brace,PASS,Balanced Structure
Chinese (Simplified),Literal,prompt_33.txt,JavaScript,PASS,Balanced Structure
Chinese (Simplified),Literal,prompt_34.txt,Java,PASS,Balanced Structure
Chinese (Simplified),Literal,prompt_35.txt,JavaScript,PASS,Balanced Structure
Chinese (Simplified),Literal,prompt_36.txt,Python,PASS,Valid Python Syntax
Chinese (Simplified),Literal,prompt_37.txt,Java,PASS,Balanced Structure
Chinese (Simplified),Literal,prompt_38.txt,Java,PASS,Balanced Structure
Chinese (Simplified),Literal,prompt_39.txt,Python,PASS,Valid Python Syntax
Chinese (Simplified),Literal,prompt_40.txt,Java,PASS,Balanced Structure
Chinese (Simplified),Literal,prompt_41.txt,Python,PASS,Valid Python Syntax
Chinese (Simplified),Literal,prompt_42.txt,JavaScript,PASS,Balanced Structure
Chinese (Simplified),Literal,prompt_43.txt,PHP,PASS,Balanced Structure
Chinese (Simplified),Literal,prompt_44.txt,Python,PASS,Valid Python Syntax
Chinese (Simplified),Literal,prompt_45.txt,C-Style/Brace,PASS,Balanced Structure
Chinese (Simplified),Literal,prompt_46.txt,Python,PASS,Valid Python Syntax
Chinese (Simplified),Literal,prompt_47.txt,C-Style/Brace,PASS,Balanced Structure
Chinese (Simplified),Literal,prompt_48.txt,C-Style/Brace,PASS,Balanced Structure
Chinese (Simplified),Literal,prompt_49.txt,Python,PASS,Valid Python Syntax
Chinese (Simplified),Literal,prompt_50.txt,JavaScript,PASS,Balanced Structure
Chinese (Simplified),Literal,prompt_51.txt,Python,PASS,Valid Python Syntax
Chinese (Simplified),Literal,prompt_52.txt,JavaScript,PASS,Balanced Structure
Chinese (Simplified),Literal,prompt_53.txt,JavaScript,PASS,Balanced Structure
Chinese (Simplified),Literal,prompt_54.txt,JavaScript,PASS,Balanced Structure
Chinese (Simplified),Literal,prompt_55.txt,Python,PASS,Valid Python Syntax
Chinese (Simplified),Literal,prompt_56.txt,JavaScript,PASS,Balanced Structure
Chinese (Simplified),Literal,prompt_57.txt,PHP,PASS,Balanced Structure
Chinese (Simplified),Literal,prompt_58.txt,JavaScript,PASS,Balanced Structure
Chinese (Simplified),Literal,prompt_59.txt,Python,PASS,Valid Python Syntax
Chinese (Simplified),Literal,prompt_60.txt,C-Style/Brace,PASS,Balanced Structure
Chinese (Simplified),Literal,prompt_61.txt,Python,PASS,Valid Python Syntax
Chinese (Simplified),Literal,prompt_62.txt,C-Style/Brace,PASS,Balanced Structure
Chinese (Simplified),Literal,prompt_63.txt,C-Style/Brace,PASS,Balanced Structure
Chinese (Simplified),Literal,prompt_64.txt,C-Style/Brace,PASS,Balanced Structure
Chinese (Simplified),Literal,prompt_65.txt,PHP,PASS,Balanced Structure
Chinese (Simplified),Literal,prompt_66.txt,C-Style/Brace,PASS,Balanced Structure
Chinese (Simplified),Literal,prompt_67.txt,Python,PASS,Valid Python Syntax
Chinese (Simplified),Literal,prompt_68.txt,JavaScript,PASS,Balanced Structure
Chinese (Simplified),Literal,prompt_69.txt,C-Style/Brace,PASS,Balanced Structure
Chinese (Simplified),Literal,prompt_70.txt,C-Style/Brace,PASS,Balanced Structure
Chinese (Simplified),Literal,prompt_71.txt,Python,PASS,Valid Python Syntax
Chinese (Simplified),Literal,prompt_72.txt,JavaScript,PASS,Balanced Structure
Chinese (Simplified),Literal,prompt_73.txt,C-Style/Brace,PASS,Balanced Structure
Chinese (Simplified),Literal,prompt_74.txt,JavaScript,PASS,Balanced Structure
Chinese (Simplified),Literal,prompt_75.txt,JavaScript,PASS,Balanced Structure
Chinese (Simplified),Literal,prompt_76.txt,Python,PASS,Valid Python Syntax
Chinese (Simplified),Literal,prompt_77.txt,C-Style/Brace,PASS,Balanced Structure
Chinese (Simplified),Literal,prompt_78.txt,C-Style/Brace,PASS,Balanced Structure
Chinese (Simplified),Literal,prompt_79.txt,Python,PASS,Valid Python Syntax
Chinese (Simplified),Literal,prompt_80.txt,Python,PASS,Valid Python Syntax
Chinese (Simplified),Literal,prompt_81.txt,Python,PASS,Valid Python Syntax
Chinese (Simplified),Literal,prompt_82.txt,C-Style/Brace,PASS,Balanced Structure
Chinese (Simplified),Literal,prompt_83.txt,C-Style/Brace,PASS,Balanced Structure
Chinese (Simplified),Literal,prompt_84.txt,Python,PASS,Valid Python Syntax
Chinese (Simplified),Literal,prompt_85.txt,PHP,PASS,Balanced Structure
Chinese (Simplified),Literal,prompt_86.txt,C-Style/Brace,PASS,Balanced Structure
Chinese (Simplified),Literal,prompt_87.txt,Python,PASS,Valid Python Syntax
Chinese (Simplified),Literal,prompt_88.txt,C-Style/Brace,PASS,Balanced Structure
Chinese (Simplified),Literal,prompt_89.txt,JavaScript,PASS,Balanced Structure
Chinese (Simplified),Literal,prompt_90.txt,Python,PASS,Valid Python Syntax
Chinese (Simplified),Literal,prompt_91.txt,Python,PASS,Valid Python Syntax
Chinese (Simplified),Literal,prompt_92.txt,C-Style/Brace,PASS,Balanced Structure
Chinese (Simplified),Literal,prompt_93.txt,C-Style/Brace,PASS,Balanced Structure
Chinese (Simplified),Literal,prompt_94.txt,C-Style/Brace,PASS,Balanced Structure
Chinese (Simplified),Literal,prompt_95.txt,Python,PASS,Valid Python Syntax
Chinese (Simplified),Literal,prompt_96.txt,C-Style/Brace,PASS,Balanced Structure
Chinese (Simplified),Literal,prompt_97.txt,JavaScript,PASS,Balanced Structure
Chinese (Simplified),Literal,prompt_98.txt,C-Style/Brace,PASS,Balanced Structure
Chinese (Simplified),Literal,prompt_99.txt,Python,PASS,Valid Python Syntax
Chinese (Simplified),Literal,prompt_100.txt,C-Style/Brace,PASS,Balanced Structure
Chinese (Simplified),Natural,prompt_1.txt,Python,PASS,Valid Python Syntax
Chinese (Simplified),Natural,prompt_2.txt,C-Style/Brace,PASS,Balanced Structure
Chinese (Simplified),Natural,prompt_3.txt,PHP,PASS,Balanced Structure
Chinese (Simplified),Natural,prompt_4.txt,C-Style/Brace,PASS,Balanced Structure
Chinese (Simplified),Natural,prompt_5.txt,C-Style/Brace,PASS,Balanced Structure
Chinese (Simplified),Natural,prompt_6.txt,Python,PASS,Valid Python Syntax
Chinese (Simplified),Natural,prompt_7.txt,JavaScript,PASS,Balanced Structure
Chinese (Simplified),Natural,prompt_8.txt,C-Style/Brace,PASS,Balanced Structure
Chinese (Simplified),Natural,prompt_9.txt,C-Style/Brace,PASS,Balanced Structure
Chinese (Simplified),Natural,prompt_10.txt,C-Style/Brace,PASS,Balanced Structure
Chinese (Simplified),Natural,prompt_11.txt,Python,PASS,Valid Python Syntax
Chinese (Simplified),Natural,prompt_12.txt,C-Style/Brace,PASS,Balanced Structure
Chinese (Simplified),Natural,prompt_13.txt,Unknown,FAIL,No recognizable code or logic patterns
Chinese (Simplified),Natural,prompt_14.txt,Python,PASS,Valid Python Syntax
Chinese (Simplified),Natural,prompt_15.txt,Unknown,FAIL,No recognizable code or logic patterns
Chinese (Simplified),Natural,prompt_16.txt,C-Style/Brace,PASS,Balanced Structure
Chinese (Simplified),Natural,prompt_17.txt,JavaScript,PASS,Balanced Structure
Chinese (Simplified),Natural,prompt_18.txt,C-Style/Brace,PASS,Balanced Structure
Chinese (Simplified),Natural,prompt_19.txt,Python,PASS,Valid Python Syntax
Chinese (Simplified),Natural,prompt_20.txt,C-Style/Brace,PASS,Balanced Structure
Chinese (Simplified),Natural,prompt_21.txt,Python,PASS,Valid Python Syntax
Chinese (Simplified),Natural,prompt_22.txt,C-Style/Brace,FAIL,Unbalanced: Parens:-4
Chinese (Simplified),Natural,prompt_23.txt,C-Style/Brace,PASS,Balanced Structure
Chinese (Simplified),Natural,prompt_24.txt,JavaScript,PASS,Balanced Structure
Chinese (Simplified),Natural,prompt_25.txt,Unknown,FAIL,No recognizable code or logic patterns
Chinese (Simplified),Natural,prompt_26.txt,C-Style/Brace,PASS,Balanced Structure
Chinese (Simplified),Natural,prompt_27.txt,Python,PASS,Valid Python Syntax
Chinese (Simplified),Natural,prompt_28.txt,JavaScript,PASS,Balanced Structure
Chinese (Simplified),Natural,prompt_29.txt,Generic Snippet,PASS,Validated via structural balance
Chinese (Simplified),Natural,prompt_30.txt,C-Style/Brace,PASS,Balanced Structure
Chinese (Simplified),Natural,prompt_31.txt,Python,PASS,Valid Python Syntax
Chinese (Simplified),Natural,prompt_32.txt,C-Style/Brace,PASS,Balanced Structure
Chinese (Simplified),Natural,prompt_33.txt,JavaScript,PASS,Balanced Structure
Chinese (Simplified),Natural,prompt_34.txt,Java,PASS,Balanced Structure
Chinese (Simplified),Natural,prompt_35.txt,Java,PASS,Balanced Structure
Chinese (Simplified),Natural,prompt_36.txt,Python,PASS,Valid Python Syntax
Chinese (Simplified),Natural,prompt_37.txt,Java,PASS,Balanced Structure
Chinese (Simplified),Natural,prompt_38.txt,Java,PASS,Balanced Structure
Chinese (Simplified),Natural,prompt_39.txt,Python,PASS,Valid Python Syntax
Chinese (Simplified),Natural,prompt_40.txt,JavaScript,PASS,Balanced Structure
Chinese (Simplified),Natural,prompt_41.txt,Python,PASS,Valid Python Syntax
Chinese (Simplified),Natural,prompt_42.txt,JavaScript,PASS,Balanced Structure
Chinese (Simplified),Natural,prompt_43.txt,PHP,PASS,Balanced Structure
Chinese (Simplified),Natural,prompt_44.txt,Python,PASS,Valid Python Syntax
Chinese (Simplified),Natural,prompt_45.txt,C-Style/Brace,PASS,Balanced Structure
Chinese (Simplified),Natural,prompt_46.txt,Python,PASS,Valid Python Syntax
Chinese (Simplified),Natural,prompt_47.txt,C-Style/Brace,PASS,Balanced Structure
Chinese (Simplified),Natural,prompt_48.txt,C-Style/Brace,FAIL,Unbalanced: Brackets:-3
Chinese (Simplified),Natural,prompt_49.txt,Python,PASS,Valid Python Syntax
Chinese (Simplified),Natural,prompt_50.txt,JavaScript,PASS,Balanced Structure
Chinese (Simplified),Natural,prompt_51.txt,Python,PASS,Valid Python Syntax
Chinese (Simplified),Natural,prompt_52.txt,JavaScript,PASS,Balanced Structure
Chinese (Simplified),Natural,prompt_53.txt,JavaScript,PASS,Balanced Structure
Chinese (Simplified),Natural,prompt_54.txt,JavaScript,PASS,Balanced Structure
Chinese (Simplified),Natural,prompt_55.txt,Python,PASS,Valid Python Syntax
Chinese (Simplified),Natural,prompt_56.txt,JavaScript,PASS,Balanced Structure
Chinese (Simplified),Natural,prompt_57.txt,JavaScript,PASS,Balanced Structure
Chinese (Simplified),Natural,prompt_58.txt,JavaScript,PASS,Balanced Structure
Chinese (Simplified),Natural,prompt_59.txt,Python,PASS,Valid Python Syntax
Chinese (Simplified),Natural,prompt_60.txt,C-Style/Brace,PASS,Balanced Structure
Chinese (Simplified),Natural,prompt_61.txt,Python,PASS,Valid Python Syntax
Chinese (Simplified),Natural,prompt_62.txt,C-Style/Brace,PASS,Balanced Structure
Chinese (Simplified),Natural,prompt_63.txt,C-Style/Brace,PASS,Balanced Structure
Chinese (Simplified),Natural,prompt_64.txt,C-Style/Brace,PASS,Balanced Structure
Chinese (Simplified),Natural,prompt_65.txt,PHP,PASS,Balanced Structure
Chinese (Simplified),Natural,prompt_66.txt,C-Style/Brace,PASS,Balanced Structure
Chinese (Simplified),Natural,prompt_67.txt,Python,PASS,Valid Python Syntax
Chinese (Simplified),Natural,prompt_68.txt,JavaScript,PASS,Balanced Structure
Chinese (Simplified),Natural,prompt_69.txt,Ruby,PASS,Valid Ruby blocks
Chinese (Simplified),Natural,prompt_70.txt,C-Style/Brace,PASS,Balanced Structure
Chinese (Simplified),Natural,prompt_71.txt,Python,PASS,Valid Python Syntax
Chinese (Simplified),Natural,prompt_72.txt,JavaScript,PASS,Balanced Structure
Chinese (Simplified),Natural,prompt_73.txt,C-Style/Brace,PASS,Balanced Structure
Chinese (Simplified),Natural,prompt_74.txt,JavaScript,PASS,Balanced Structure
Chinese (Simplified),Natural,prompt_75.txt,JavaScript,PASS,Balanced Structure
Chinese (Simplified),Natural,prompt_76.txt,Python,PASS,Valid Python Syntax
Chinese (Simplified),Natural,prompt_77.txt,C-Style/Brace,PASS,Balanced Structure
Chinese (Simplified),Natural,prompt_78.txt,C-Style/Brace,PASS,Balanced Structure
Chinese (Simplified),Natural,prompt_79.txt,Python,PASS,Valid Python Syntax
Chinese (Simplified),Natural,prompt_80.txt,Python,PASS,Valid Python Syntax
Chinese (Simplified),Natural,prompt_81.txt,Python,PASS,Valid Python Syntax
Chinese (Simplified),Natural,prompt_82.txt,C-Style/Brace,PASS,Balanced Structure
Chinese (Simplified),Natural,prompt_83.txt,C-Style/Brace,PASS,Balanced Structure
Chinese (Simplified),Natural,prompt_84.txt,Python,PASS,Valid Python Syntax
Chinese (Simplified),Natural,prompt_85.txt,PHP,PASS,Balanced Structure
Chinese (Simplified),Natural,prompt_86.txt,C-Style/Brace,PASS,Balanced Structure
Chinese (Simplified),Natural,prompt_87.txt,Python,PASS,Valid Python Syntax
Chinese (Simplified),Natural,prompt_88.txt,C-Style/Brace,PASS,Balanced Structure
Chinese (Simplified),Natural,prompt_89.txt,C-Style/Brace,PASS,Balanced Structure
Chinese (Simplified),Natural,prompt_90.txt,Python,PASS,Valid Python Syntax
Chinese (Simplified),Natural,prompt_91.txt,Python,PASS,Valid Python Syntax
Chinese (Simplified),Natural,prompt_92.txt,C-Style/Brace,PASS,Balanced Structure
Chinese (Simplified),Natural,prompt_93.txt,C-Style/Brace,PASS,Balanced Structure
Chinese (Simplified),Natural,prompt_94.txt,C-Style/Brace,PASS,Balanced Structure
Chinese (Simplified),Natural,prompt_95.txt,Python,PASS,Valid Python Syntax
Chinese (Simplified),Natural,prompt_96.txt,C-Style/Brace,PASS,Balanced Structure
Chinese (Simplified),Natural,prompt_97.txt,JavaScript,PASS,Balanced Structure
Chinese (Simplified),Natural,prompt_98.txt,C-Style/Brace,PASS,Balanced Structure
Chinese (Simplified),Natural,prompt_99.txt,Python,PASS,Valid Python Syntax
Chinese (Simplified),Natural,prompt_100.txt,JavaScript,PASS,Balanced Structure
English,Literal,prompt_1.txt,Python,PASS,Valid Python Syntax
English,Literal,prompt_2.txt,C-Style/Brace,PASS,Balanced Structure
English,Literal,prompt_3.txt,PHP,PASS,Balanced Structure
English,Literal,prompt_4.txt,C-Style/Brace,PASS,Balanced Structure
English,Literal,prompt_5.txt,C-Style/Brace,PASS,Balanced Structure
English,Literal,prompt_6.txt,Python,PASS,Valid Python Syntax
English,Literal,prompt_7.txt,JavaScript,PASS,Balanced Structure
English,Literal,prompt_8.txt,C-Style/Brace,PASS,Balanced Structure
English,Literal,prompt_9.txt,Ruby,PASS,Valid Ruby blocks
English,Literal,prompt_10.txt,C-Style/Brace,PASS,Balanced Structure
English,Literal,prompt_11.txt,Python,PASS,Valid Python Syntax
English,Literal,prompt_12.txt,C-Style/Brace,PASS,Balanced Structure
English,Literal,prompt_13.txt,Unknown,FAIL,No recognizable code or logic patterns
English,Literal,prompt_14.txt,Python,PASS,Valid Python Syntax
English,Literal,prompt_15.txt,Unknown,FAIL,No recognizable code or logic patterns
English,Literal,prompt_16.txt,C-Style/Brace,PASS,Balanced Structure
English,Literal,prompt_17.txt,JavaScript,PASS,Balanced Structure
English,Literal,prompt_18.txt,C-Style/Brace,PASS,Balanced Structure
English,Literal,prompt_19.txt,Python,PASS,Valid Python Syntax
English,Literal,prompt_20.txt,C-Style/Brace,PASS,Balanced Structure
English,Literal,prompt_21.txt,Python,PASS,Valid Python Syntax
English,Literal,prompt_22.txt,C-Style/Brace,PASS,Balanced Structure
English,Literal,prompt_23.txt,C-Style/Brace,PASS,Balanced Structure
English,Literal,prompt_24.txt,JavaScript,PASS,Balanced Structure
English,Literal,prompt_25.txt,Unknown,FAIL,No recognizable code or logic patterns
English,Literal,prompt_26.txt,C-Style/Brace,PASS,Balanced Structure
English,Literal,prompt_27.txt,Python,PASS,Valid Python Syntax
English,Literal,prompt_28.txt,JavaScript,PASS,Balanced Structure
English,Literal,prompt_29.txt,Generic Snippet,PASS,Validated via structural balance
English,Literal,prompt_30.txt,C-Style/Brace,PASS,Balanced Structure
English,Literal,prompt_31.txt,Python,PASS,Valid Python Syntax
English,Literal,prompt_32.txt,C-Style/Brace,PASS,Balanced Structure
English,Literal,prompt_33.txt,JavaScript,PASS,Balanced Structure
English,Literal,prompt_34.txt,Java,PASS,Balanced Structure
English,Literal,prompt_35.txt,Java,PASS,Balanced Structure
English,Literal,prompt_36.txt,Python,PASS,Valid Python Syntax
English,Literal,prompt_37.txt,Java,PASS,Balanced Structure
English,Literal,prompt_38.txt,Java,PASS,Balanced Structure
English,Literal,prompt_39.txt,Python,PASS,Valid Python Syntax
English,Literal,prompt_40.txt,Java,PASS,Balanced Structure
English,Literal,prompt_41.txt,Python,PASS,Valid Python Syntax
English,Literal,prompt_42.txt,JavaScript,PASS,Balanced Structure
English,Literal,prompt_43.txt,PHP,PASS,Balanced Structure
English,Literal,prompt_44.txt,Python,PASS,Valid Python Syntax
English,Literal,prompt_45.txt,C-Style/Brace,PASS,Balanced Structure
English,Literal,prompt_46.txt,Python,PASS,Valid Python Syntax
English,Literal,prompt_47.txt,C-Style/Brace,PASS,Balanced Structure
English,Literal,prompt_48.txt,C-Style/Brace,PASS,Balanced Structure
English,Literal,prompt_49.txt,Python,PASS,Valid Python Syntax
English,Literal,prompt_50.txt,JavaScript,PASS,Balanced Structure
English,Literal,prompt_51.txt,Python,PASS,Valid Python Syntax
English,Literal,prompt_52.txt,JavaScript,PASS,Balanced Structure
English,Literal,prompt_53.txt,JavaScript,PASS,Balanced Structure
English,Literal,prompt_54.txt,JavaScript,PASS,Balanced Structure
English,Literal,prompt_55.txt,Python,PASS,Valid Python Syntax
English,Literal,prompt_56.txt,JavaScript,PASS,Balanced Structure
English,Literal,prompt_57.txt,PHP,PASS,Balanced Structure
English,Literal,prompt_58.txt,JavaScript,PASS,Balanced Structure
English,Literal,prompt_59.txt,Python,PASS,Valid Python Syntax
English,Literal,prompt_60.txt,C-Style/Brace,PASS,Balanced Structure
English,Literal,prompt_61.txt,Python,PASS,Valid Python Syntax
English,Literal,prompt_62.txt,C-Style/Brace,PASS,Balanced Structure
English,Literal,prompt_63.txt,C-Style/Brace,PASS,Balanced Structure
English,Literal,prompt_64.txt,C-Style/Brace,PASS,Balanced Structure
English,Literal,prompt_65.txt,PHP,PASS,Balanced Structure
English,Literal,prompt_66.txt,C-Style/Brace,PASS,Balanced Structure
English,Literal,prompt_67.txt,Python,PASS,Valid Python Syntax
English,Literal,prompt_68.txt,JavaScript,PASS,Balanced Structure
English,Literal,prompt_69.txt,Ruby,PASS,Valid Ruby blocks
English,Literal,prompt_70.txt,C-Style/Brace,PASS,Balanced Structure
English,Literal,prompt_71.txt,Python,PASS,Valid Python Syntax
English,Literal,prompt_72.txt,JavaScript,PASS,Balanced Structure
English,Literal,prompt_73.txt,C-Style/Brace,PASS,Balanced Structure
English,Literal,prompt_74.txt,Generic Snippet,PASS,Validated via structural balance
English,Literal,prompt_75.txt,JavaScript,PASS,Balanced Structure
English,Literal,prompt_76.txt,Python,PASS,Valid Python Syntax
English,Literal,prompt_77.txt,C-Style/Brace,PASS,Balanced Structure
English,Literal,prompt_78.txt,C-Style/Brace,PASS,Balanced Structure
English,Literal,prompt_79.txt,Python,PASS,Valid Python Syntax
English,Literal,prompt_80.txt,Python,PASS,Valid Python Syntax
English,Literal,prompt_81.txt,Python,PASS,Valid Python Syntax
English,Literal,prompt_82.txt,C-Style/Brace,PASS,Balanced Structure
English,Literal,prompt_83.txt,C-Style/Brace,PASS,Balanced Structure
English,Literal,prompt_84.txt,Python,PASS,Valid Python Syntax
English,Literal,prompt_85.txt,PHP,PASS,Balanced Structure
English,Literal,prompt_86.txt,C-Style/Brace,PASS,Balanced Structure
English,Literal,prompt_87.txt,Python,PASS,Valid Python Syntax
English,Literal,prompt_88.txt,C-Style/Brace,PASS,Balanced Structure
English,Literal,prompt_89.txt,C-Style/Brace,PASS,Balanced Structure
English,Literal,prompt_90.txt,Python,PASS,Valid Python Syntax
English,Literal,prompt_91.txt,Python,PASS,Valid Python Syntax
English,Literal,prompt_92.txt,C-Style/Brace,PASS,Balanced Structure
English,Literal,prompt_93.txt,C-Style/Brace,PASS,Balanced Structure
English,Literal,prompt_94.txt,C-Style/Brace,PASS,Balanced Structure
English,Literal,prompt_95.txt,Python,PASS,Valid Python Syntax
English,Literal,prompt_96.txt,C-Style/Brace,PASS,Balanced Structure
English,Literal,prompt_97.txt,JavaScript,PASS,Balanced Structure
English,Literal,prompt_98.txt,C-Style/Brace,PASS,Balanced Structure
English,Literal,prompt_99.txt,Python,PASS,Valid Python Syntax
English,Literal,prompt_100.txt,C-Style/Brace,PASS,Balanced Structure
English,Natural,prompt_1.txt,Python,PASS,Valid Python Syntax
English,Natural,prompt_2.txt,C-Style/Brace,PASS,Balanced Structure
English,Natural,prompt_3.txt,PHP,PASS,Balanced Structure
English,Natural,prompt_4.txt,C-Style/Brace,PASS,Balanced Structure
English,Natural,prompt_5.txt,C-Style/Brace,PASS,Balanced Structure
English,Natural,prompt_6.txt,Python,PASS,Valid Python Syntax
English,Natural,prompt_7.txt,JavaScript,PASS,Balanced Structure
English,Natural,prompt_8.txt,C-Style/Brace,PASS,Balanced Structure
English,Natural,prompt_9.txt,C-Style/Brace,PASS,Balanced Structure
English,Natural,prompt_10.txt,C-Style/Brace,PASS,Balanced Structure
English,Natural,prompt_11.txt,Python,PASS,Valid Python Syntax
English,Natural,prompt_12.txt,C-Style/Brace,PASS,Balanced Structure
English,Natural,prompt_13.txt,Unknown,FAIL,No recognizable code or logic patterns
English,Natural,prompt_14.txt,Python,PASS,Valid Python Syntax
English,Natural,prompt_15.txt,Unknown,FAIL,No recognizable code or logic patterns
English,Natural,prompt_16.txt,C-Style/Brace,PASS,Balanced Structure
English,Natural,prompt_17.txt,JavaScript,PASS,Balanced Structure
English,Natural,prompt_18.txt,C-Style/Brace,PASS,Balanced Structure
English,Natural,prompt_19.txt,Python,PASS,Valid Python Syntax
English,Natural,prompt_20.txt,C-Style/Brace,PASS,Balanced Structure
English,Natural,prompt_21.txt,Python,PASS,Valid Python Syntax
English,Natural,prompt_22.txt,C-Style/Brace,PASS,Balanced Structure
English,Natural,prompt_23.txt,C-Style/Brace,PASS,Balanced Structure
English,Natural,prompt_24.txt,C-Style/Brace,PASS,Balanced Structure
English,Natural,prompt_25.txt,Unknown,FAIL,No recognizable code or logic patterns
English,Natural,prompt_26.txt,C-Style/Brace,PASS,Balanced Structure
English,Natural,prompt_27.txt,Python,PASS,Valid Python Syntax
English,Natural,prompt_28.txt,JavaScript,PASS,Balanced Structure
English,Natural,prompt_29.txt,Generic Snippet,PASS,Validated via structural balance
English,Natural,prompt_30.txt,C-Style/Brace,PASS,Balanced Structure
English,Natural,prompt_31.txt,Python,PASS,Valid Python Syntax
English,Natural,prompt_32.txt,C-Style/Brace,PASS,Balanced Structure
English,Natural,prompt_33.txt,JavaScript,PASS,Balanced Structure
English,Natural,prompt_34.txt,Java,PASS,Balanced Structure
English,Natural,prompt_35.txt,JavaScript,PASS,Balanced Structure
English,Natural,prompt_36.txt,Python,PASS,Valid Python Syntax
English,Natural,prompt_37.txt,Java,PASS,Balanced Structure
English,Natural,prompt_38.txt,Java,PASS,Balanced Structure
English,Natural,prompt_39.txt,Python,PASS,Valid Python Syntax
English,Natural,prompt_40.txt,JavaScript,PASS,Balanced Structure
English,Natural,prompt_41.txt,Python,PASS,Valid Python Syntax
English,Natural,prompt_42.txt,JavaScript,PASS,Balanced Structure
English,Natural,prompt_43.txt,PHP,PASS,Balanced Structure
English,Natural,prompt_44.txt,Python,PASS,Valid Python Syntax
English,Natural,prompt_45.txt,C-Style/Brace,PASS,Balanced Structure
English,Natural,prompt_46.txt,Python,PASS,Valid Python Syntax
English,Natural,prompt_47.txt,C-Style/Brace,PASS,Balanced Structure
English,Natural,prompt_48.txt,C-Style/Brace,PASS,Balanced Structure
English,Natural,prompt_49.txt,Python,PASS,Valid Python Syntax
English,Natural,prompt_50.txt,JavaScript,PASS,Balanced Structure
English,Natural,prompt_51.txt,Python,PASS,Valid Python Syntax
English,Natural,prompt_52.txt,JavaScript,PASS,Balanced Structure
English,Natural,prompt_53.txt,JavaScript,PASS,Balanced Structure
English,Natural,prompt_54.txt,JavaScript,PASS,Balanced Structure
English,Natural,prompt_55.txt,Python,PASS,Valid Python Syntax
English,Natural,prompt_56.txt,JavaScript,PASS,Balanced Structure
English,Natural,prompt_57.txt,PHP,PASS,Balanced Structure
English,Natural,prompt_58.txt,C-Style/Brace,PASS,Balanced Structure
English,Natural,prompt_59.txt,Python,PASS,Valid Python Syntax
English,Natural,prompt_60.txt,C-Style/Brace,PASS,Balanced Structure
English,Natural,prompt_61.txt,Python,PASS,Valid Python Syntax
English,Natural,prompt_62.txt,C-Style/Brace,PASS,Balanced Structure
English,Natural,prompt_63.txt,Generic Snippet,PASS,Validated via structural balance
English,Natural,prompt_64.txt,C-Style/Brace,PASS,Balanced Structure
English,Natural,prompt_65.txt,PHP,PASS,Balanced Structure
English,Natural,prompt_66.txt,C-Style/Brace,PASS,Balanced Structure
English,Natural,prompt_67.txt,Python,PASS,Valid Python Syntax
English,Natural,prompt_68.txt,C-Style/Brace,PASS,Balanced Structure
English,Natural,prompt_69.txt,Ruby,PASS,Valid Ruby blocks
English,Natural,prompt_70.txt,C-Style/Brace,PASS,Balanced Structure
English,Natural,prompt_71.txt,Python,PASS,Valid Python Syntax
English,Natural,prompt_72.txt,JavaScript,PASS,Balanced Structure
English,Natural,prompt_73.txt,C-Style/Brace,PASS,Balanced Structure
English,Natural,prompt_74.txt,JavaScript,PASS,Balanced Structure
English,Natural,prompt_75.txt,JavaScript,PASS,Balanced Structure
English,Natural,prompt_76.txt,Python,PASS,Valid Python Syntax
English,Natural,prompt_77.txt,C-Style/Brace,PASS,Balanced Structure
English,Natural,prompt_78.txt,C-Style/Brace,PASS,Balanced Structure
English,Natural,prompt_79.txt,Python,PASS,Valid Python Syntax
English,Natural,prompt_80.txt,Python,PASS,Valid Python Syntax
English,Natural,prompt_81.txt,Python,PASS,Valid Python Syntax
English,Natural,prompt_82.txt,C-Style/Brace,PASS,Balanced Structure
English,Natural,prompt_83.txt,C-Style/Brace,PASS,Balanced Structure
English,Natural,prompt_84.txt,Python,PASS,Valid Python Syntax
English,Natural,prompt_85.txt,JavaScript,PASS,Balanced Structure
English,Natural,prompt_86.txt,C-Style/Brace,PASS,Balanced Structure
English,Natural,prompt_87.txt,Python,PASS,Valid Python Syntax
English,Natural,prompt_88.txt,C-Style/Brace,PASS,Balanced Structure
English,Natural,prompt_89.txt,C-Style/Brace,PASS,Balanced Structure
English,Natural,prompt_90.txt,Python,PASS,Valid Python Syntax
English,Natural,prompt_91.txt,Python,PASS,Valid Python Syntax
English,Natural,prompt_92.txt,C-Style/Brace,PASS,Balanced Structure
English,Natural,prompt_93.txt,C-Style/Brace,PASS,Balanced Structure
English,Natural,prompt_94.txt,C-Style/Brace,PASS,Balanced Structure
English,Natural,prompt_95.txt,Python,PASS,Valid Python Syntax
English,Natural,prompt_96.txt,C-Style/Brace,PASS,Balanced Structure
English,Natural,prompt_97.txt,JavaScript,PASS,Balanced Structure
English,Natural,prompt_98.txt,C-Style/Brace,PASS,Balanced Structure
English,Natural,prompt_99.txt,Python,PASS,Valid Python Syntax
English,Natural,prompt_100.txt,JavaScript,PASS,Balanced Structure
German,Literal,prompt_1.txt,Python,PASS,Valid Python Syntax
German,Literal,prompt_2.txt,C-Style/Brace,PASS,Balanced Structure
German,Literal,prompt_3.txt,PHP,PASS,Balanced Structure
German,Literal,prompt_4.txt,C-Style/Brace,PASS,Balanced Structure
German,Literal,prompt_5.txt,C-Style/Brace,PASS,Balanced Structure
German,Literal,prompt_6.txt,Python,PASS,Valid Python Syntax
German,Literal,prompt_7.txt,JavaScript,PASS,Balanced Structure
German,Literal,prompt_8.txt,C-Style/Brace,PASS,Balanced Structure
German,Literal,prompt_9.txt,Ruby,PASS,Valid Ruby blocks
German,Literal,prompt_10.txt,C-Style/Brace,PASS,Balanced Structure
German,Literal,prompt_11.txt,Python,PASS,Valid Python Syntax
German,Literal,prompt_12.txt,C-Style/Brace,PASS,Balanced Structure
German,Literal,prompt_13.txt,Unknown,FAIL,No recognizable code or logic patterns
German,Literal,prompt_14.txt,Python,PASS,Valid Python Syntax
German,Literal,prompt_15.txt,Unknown,FAIL,No recognizable code or logic patterns
German,Literal,prompt_16.txt,C-Style/Brace,PASS,Balanced Structure
German,Literal,prompt_17.txt,C-Style/Brace,PASS,Balanced Structure
German,Literal,prompt_18.txt,C-Style/Brace,PASS,Balanced Structure
German,Literal,prompt_19.txt,Python,PASS,Valid Python Syntax
German,Literal,prompt_20.txt,C-Style/Brace,PASS,Balanced Structure
German,Literal,prompt_21.txt,Python,PASS,Valid Python Syntax
German,Literal,prompt_22.txt,C-Style/Brace,PASS,Balanced Structure
German,Literal,prompt_23.txt,C-Style/Brace,PASS,Balanced Structure
German,Literal,prompt_24.txt,JavaScript,PASS,Balanced Structure
German,Literal,prompt_25.txt,Unknown,FAIL,No recognizable code or logic patterns
German,Literal,prompt_26.txt,C-Style/Brace,PASS,Balanced Structure
German,Literal,prompt_27.txt,Python,PASS,Valid Python Syntax
German,Literal,prompt_28.txt,JavaScript,PASS,Balanced Structure
German,Literal,prompt_29.txt,Generic Snippet,PASS,Validated via structural balance
German,Literal,prompt_30.txt,C-Style/Brace,PASS,Balanced Structure
German,Literal,prompt_31.txt,Python,PASS,Valid Python Syntax
German,Literal,prompt_32.txt,C-Style/Brace,PASS,Balanced Structure
German,Literal,prompt_33.txt,JavaScript,PASS,Balanced Structure
German,Literal,prompt_34.txt,Java,PASS,Balanced Structure
German,Literal,prompt_35.txt,JavaScript,PASS,Balanced Structure
German,Literal,prompt_36.txt,Python,PASS,Valid Python Syntax
German,Literal,prompt_37.txt,Java,PASS,Balanced Structure
German,Literal,prompt_38.txt,Java,PASS,Balanced Structure
German,Literal,prompt_39.txt,Python,PASS,Valid Python Syntax
German,Literal,prompt_40.txt,Java,PASS,Balanced Structure
German,Literal,prompt_41.txt,Python,PASS,Valid Python Syntax
German,Literal,prompt_42.txt,JavaScript,PASS,Balanced Structure
German,Literal,prompt_43.txt,PHP,PASS,Balanced Structure
German,Literal,prompt_44.txt,Python,PASS,Valid Python Syntax
German,Literal,prompt_45.txt,C-Style/Brace,PASS,Balanced Structure
German,Literal,prompt_46.txt,Python,PASS,Valid Python Syntax
German,Literal,prompt_47.txt,C-Style/Brace,PASS,Balanced Structure
German,Literal,prompt_48.txt,C-Style/Brace,PASS,Balanced Structure
German,Literal,prompt_49.txt,Python,PASS,Valid Python Syntax
German,Literal,prompt_50.txt,JavaScript,PASS,Balanced Structure
German,Literal,prompt_51.txt,Python,PASS,Valid Python Syntax
German,Literal,prompt_52.txt,JavaScript,PASS,Balanced Structure
German,Literal,prompt_53.txt,JavaScript,PASS,Balanced Structure
German,Literal,prompt_54.txt,JavaScript,PASS,Balanced Structure
German,Literal,prompt_55.txt,Python,PASS,Valid Python Syntax
German,Literal,prompt_56.txt,JavaScript,PASS,Balanced Structure
German,Literal,prompt_57.txt,PHP,PASS,Balanced Structure
German,Literal,prompt_58.txt,JavaScript,PASS,Balanced Structure
German,Literal,prompt_59.txt,Python,PASS,Valid Python Syntax
German,Literal,prompt_60.txt,C-Style/Brace,PASS,Balanced Structure
German,Literal,prompt_61.txt,Python,PASS,Valid Python Syntax
German,Literal,prompt_62.txt,C-Style/Brace,PASS,Balanced Structure
German,Literal,prompt_63.txt,C-Style/Brace,PASS,Balanced Structure
German,Literal,prompt_64.txt,C-Style/Brace,PASS,Balanced Structure
German,Literal,prompt_65.txt,PHP,PASS,Balanced Structure
German,Literal,prompt_66.txt,C-Style/Brace,PASS,Balanced Structure
German,Literal,prompt_67.txt,Python,PASS,Valid Python Syntax
German,Literal,prompt_68.txt,JavaScript,PASS,Balanced Structure
German,Literal,prompt_69.txt,C-Style/Brace,PASS,Balanced Structure
German,Literal,prompt_70.txt,C-Style/Brace,PASS,Balanced Structure
German,Literal,prompt_71.txt,Python,PASS,Valid Python Syntax
German,Literal,prompt_72.txt,JavaScript,PASS,Balanced Structure
German,Literal,prompt_73.txt,C-Style/Brace,PASS,Balanced Structure
German,Literal,prompt_74.txt,Generic Snippet,PASS,Validated via structural balance
German,Literal,prompt_75.txt,JavaScript,PASS,Balanced Structure
German,Literal,prompt_76.txt,Python,PASS,Valid Python Syntax
German,Literal,prompt_77.txt,C-Style/Brace,PASS,Balanced Structure
German,Literal,prompt_78.txt,C-Style/Brace,PASS,Balanced Structure
German,Literal,prompt_79.txt,Python,PASS,Valid Python Syntax
German,Literal,prompt_80.txt,Python,PASS,Valid Python Syntax
German,Literal,prompt_81.txt,Python,PASS,Valid Python Syntax
German,Literal,prompt_82.txt,C-Style/Brace,PASS,Balanced Structure
German,Literal,prompt_83.txt,C-Style/Brace,PASS,Balanced Structure
German,Literal,prompt_84.txt,Python,PASS,Valid Python Syntax
German,Literal,prompt_85.txt,PHP,PASS,Balanced Structure
German,Literal,prompt_86.txt,C-Style/Brace,PASS,Balanced Structure
German,Literal,prompt_87.txt,Python,PASS,Valid Python Syntax
German,Literal,prompt_88.txt,C-Style/Brace,PASS,Balanced Structure
German,Literal,prompt_89.txt,C-Style/Brace,PASS,Balanced Structure
German,Literal,prompt_90.txt,Python,PASS,Valid Python Syntax
German,Literal,prompt_91.txt,Python,PASS,Valid Python Syntax
German,Literal,prompt_92.txt,C-Style/Brace,PASS,Balanced Structure
German,Literal,prompt_93.txt,C-Style/Brace,PASS,Balanced Structure
German,Literal,prompt_94.txt,C-Style/Brace,PASS,Balanced Structure
German,Literal,prompt_95.txt,Python,PASS,Valid Python Syntax
German,Literal,prompt_96.txt,C-Style/Brace,PASS,Balanced Structure
German,Literal,prompt_97.txt,JavaScript,PASS,Balanced Structure
German,Literal,prompt_98.txt,C-Style/Brace,PASS,Balanced Structure
German,Literal,prompt_99.txt,Python,PASS,Valid Python Syntax
German,Literal,prompt_100.txt,C-Style/Brace,PASS,Balanced Structure
German,Natural,prompt_1.txt,Python,PASS,Valid Python Syntax
German,Natural,prompt_2.txt,C-Style/Brace,PASS,Balanced Structure
German,Natural,prompt_3.txt,PHP,PASS,Balanced Structure
German,Natural,prompt_4.txt,C-Style/Brace,PASS,Balanced Structure
German,Natural,prompt_5.txt,C-Style/Brace,PASS,Balanced Structure
German,Natural,prompt_6.txt,Python,PASS,Valid Python Syntax
German,Natural,prompt_7.txt,JavaScript,PASS,Balanced Structure
German,Natural,prompt_8.txt,C-Style/Brace,PASS,Balanced Structure
German,Natural,prompt_9.txt,Ruby,PASS,Valid Ruby blocks
German,Natural,prompt_10.txt,C-Style/Brace,PASS,Balanced Structure
German,Natural,prompt_11.txt,Python,PASS,Valid Python Syntax
German,Natural,prompt_12.txt,C-Style/Brace,PASS,Balanced Structure
German,Natural,prompt_13.txt,Generic Snippet,PASS,Validated via structural balance
German,Natural,prompt_14.txt,Python,PASS,Valid Python Syntax
German,Natural,prompt_15.txt,Unknown,FAIL,No recognizable code or logic patterns
German,Natural,prompt_16.txt,C-Style/Brace,PASS,Balanced Structure
German,Natural,prompt_17.txt,C-Style/Brace,PASS,Balanced Structure
German,Natural,prompt_18.txt,C-Style/Brace,PASS,Balanced Structure
German,Natural,prompt_19.txt,Python,PASS,Valid Python Syntax
German,Natural,prompt_20.txt,C-Style/Brace,PASS,Balanced Structure
German,Natural,prompt_21.txt,Python,PASS,Valid Python Syntax
German,Natural,prompt_22.txt,C-Style/Brace,PASS,Balanced Structure
German,Natural,prompt_23.txt,C-Style/Brace,PASS,Balanced Structure
German,Natural,prompt_24.txt,JavaScript,PASS,Balanced Structure
German,Natural,prompt_25.txt,Unknown,FAIL,No recognizable code or logic patterns
German,Natural,prompt_26.txt,C-Style/Brace,PASS,Balanced Structure
German,Natural,prompt_27.txt,Python,PASS,Valid Python Syntax
German,Natural,prompt_28.txt,JavaScript,PASS,Balanced Structure
German,Natural,prompt_29.txt,Generic Snippet,PASS,Validated via structural balance
German,Natural,prompt_30.txt,C-Style/Brace,PASS,Balanced Structure
German,Natural,prompt_31.txt,Python,PASS,Valid Python Syntax
German,Natural,prompt_32.txt,C-Style/Brace,PASS,Balanced Structure
German,Natural,prompt_33.txt,JavaScript,PASS,Balanced Structure
German,Natural,prompt_34.txt,Java,PASS,Balanced Structure
German,Natural,prompt_35.txt,JavaScript,PASS,Balanced Structure
German,Natural,prompt_36.txt,Python,PASS,Valid Python Syntax
German,Natural,prompt_37.txt,Java,PASS,Balanced Structure
German,Natural,prompt_38.txt,Java,PASS,Balanced Structure
German,Natural,prompt_39.txt,Python,PASS,Valid Python Syntax
German,Natural,prompt_40.txt,Java,PASS,Balanced Structure
German,Natural,prompt_41.txt,Python,PASS,Valid Python Syntax
German,Natural,prompt_42.txt,JavaScript,PASS,Balanced Structure
German,Natural,prompt_43.txt,PHP,PASS,Balanced Structure
German,Natural,prompt_44.txt,Python,PASS,Valid Python Syntax
German,Natural,prompt_45.txt,C-Style/Brace,PASS,Balanced Structure
German,Natural,prompt_46.txt,Python,PASS,Valid Python Syntax
German,Natural,prompt_47.txt,C-Style/Brace,PASS,Balanced Structure
German,Natural,prompt_48.txt,C-Style/Brace,PASS,Balanced Structure
German,Natural,prompt_49.txt,Python,PASS,Valid Python Syntax
German,Natural,prompt_50.txt,JavaScript,PASS,Balanced Structure
German,Natural,prompt_51.txt,Python,PASS,Valid Python Syntax
German,Natural,prompt_52.txt,JavaScript,PASS,Balanced Structure
German,Natural,prompt_53.txt,JavaScript,PASS,Balanced Structure
German,Natural,prompt_54.txt,JavaScript,PASS,Balanced Structure
German,Natural,prompt_55.txt,Python,PASS,Valid Python Syntax
German,Natural,prompt_56.txt,JavaScript,PASS,Balanced Structure
German,Natural,prompt_57.txt,PHP,PASS,Balanced Structure
German,Natural,prompt_58.txt,JavaScript,PASS,Balanced Structure
German,Natural,prompt_59.txt,Python,PASS,Valid Python Syntax
German,Natural,prompt_60.txt,C-Style/Brace,PASS,Balanced Structure
German,Natural,prompt_61.txt,Python,PASS,Valid Python Syntax
German,Natural,prompt_62.txt,C-Style/Brace,PASS,Balanced Structure
German,Natural,prompt_63.txt,C-Style/Brace,PASS,Balanced Structure
German,Natural,prompt_64.txt,C-Style/Brace,PASS,Balanced Structure
German,Natural,prompt_65.txt,PHP,PASS,Balanced Structure
German,Natural,prompt_66.txt,C-Style/Brace,PASS,Balanced Structure
German,Natural,prompt_67.txt,Python,PASS,Valid Python Syntax
German,Natural,prompt_68.txt,JavaScript,PASS,Balanced Structure
German,Natural,prompt_69.txt,C-Style/Brace,PASS,Balanced Structure
German,Natural,prompt_70.txt,C-Style/Brace,PASS,Balanced Structure
German,Natural,prompt_71.txt,C-Style/Brace,PASS,Balanced Structure
German,Natural,prompt_72.txt,JavaScript,PASS,Balanced Structure
German,Natural,prompt_73.txt,C-Style/Brace,PASS,Balanced Structure
German,Natural,prompt_74.txt,JavaScript,PASS,Balanced Structure
German,Natural,prompt_75.txt,JavaScript,PASS,Balanced Structure
German,Natural,prompt_76.txt,Python,PASS,Valid Python Syntax
German,Natural,prompt_77.txt,C-Style/Brace,PASS,Balanced Structure
German,Natural,prompt_78.txt,C-Style/Brace,PASS,Balanced Structure
German,Natural,prompt_79.txt,Python,PASS,Valid Python Syntax
German,Natural,prompt_80.txt,Python,PASS,Valid Python Syntax
German,Natural,prompt_81.txt,Python,PASS,Valid Python Syntax
German,Natural,prompt_82.txt,C-Style/Brace,PASS,Balanced Structure
German,Natural,prompt_83.txt,C-Style/Brace,PASS,Balanced Structure
German,Natural,prompt_84.txt,Python,PASS,Valid Python Syntax
German,Natural,prompt_85.txt,JavaScript,PASS,Balanced Structure
German,Natural,prompt_86.txt,C-Style/Brace,PASS,Balanced Structure
German,Natural,prompt_87.txt,Python,PASS,Valid Python Syntax
German,Natural,prompt_88.txt,C-Style/Brace,PASS,Balanced Structure
German,Natural,prompt_89.txt,C-Style/Brace,PASS,Balanced Structure
German,Natural,prompt_90.txt,Python,PASS,Valid Python Syntax
German,Natural,prompt_91.txt,Python,PASS,Valid Python Syntax
German,Natural,prompt_92.txt,C-Style/Brace,PASS,Balanced Structure
German,Natural,prompt_93.txt,C-Style/Brace,PASS,Balanced Structure
German,Natural,prompt_94.txt,C-Style/Brace,PASS,Balanced Structure
German,Natural,prompt_95.txt,Python,PASS,Valid Python Syntax
German,Natural,prompt_96.txt,C-Style/Brace,PASS,Balanced Structure
German,Natural,prompt_97.txt,JavaScript,PASS,Balanced Structure
German,Natural,prompt_98.txt,C-Style/Brace,PASS,Balanced Structure
German,Natural,prompt_99.txt,Python,PASS,Valid Python Syntax
German,Natural,prompt_100.txt,JavaScript,PASS,Balanced Structure
Hindi,Literal,prompt_1.txt,Python,PASS,Valid Python Syntax
Hindi,Literal,prompt_2.txt,C-Style/Brace,PASS,Balanced Structure
Hindi,Literal,prompt_3.txt,PHP,PASS,Balanced Structure
Hindi,Literal,prompt_4.txt,C-Style/Brace,PASS,Balanced Structure
Hindi,Literal,prompt_5.txt,C-Style/Brace,PASS,Balanced Structure
Hindi,Literal,prompt_6.txt,Python,PASS,Valid Python Syntax
Hindi,Literal,prompt_7.txt,JavaScript,PASS,Balanced Structure
Hindi,Literal,prompt_8.txt,C-Style/Brace,PASS,Balanced Structure
Hindi,Literal,prompt_9.txt,Ruby,PASS,Valid Ruby blocks
Hindi,Literal,prompt_10.txt,C-Style/Brace,PASS,Balanced Structure
Hindi,Literal,prompt_11.txt,Python,PASS,Valid Python Syntax
Hindi,Literal,prompt_12.txt,C-Style/Brace,PASS,Balanced Structure
Hindi,Literal,prompt_13.txt,Unknown,FAIL,No recognizable code or logic patterns
Hindi,Literal,prompt_14.txt,Python,PASS,Valid Python Syntax
Hindi,Literal,prompt_15.txt,Unknown,FAIL,No recognizable code or logic patterns
Hindi,Literal,prompt_16.txt,C-Style/Brace,PASS,Balanced Structure
Hindi,Literal,prompt_17.txt,C-Style/Brace,PASS,Balanced Structure
Hindi,Literal,prompt_18.txt,C-Style/Brace,PASS,Balanced Structure
Hindi,Literal,prompt_19.txt,Python,PASS,Valid Python Syntax
Hindi,Literal,prompt_20.txt,C-Style/Brace,PASS,Balanced Structure
Hindi,Literal,prompt_21.txt,Python,PASS,Valid Python Syntax
Hindi,Literal,prompt_22.txt,C-Style/Brace,PASS,Balanced Structure
Hindi,Literal,prompt_23.txt,C-Style/Brace,PASS,Balanced Structure
Hindi,Literal,prompt_24.txt,JavaScript,PASS,Balanced Structure
Hindi,Literal,prompt_25.txt,Unknown,FAIL,No recognizable code or logic patterns
Hindi,Literal,prompt_26.txt,C-Style/Brace,PASS,Balanced Structure
Hindi,Literal,prompt_27.txt,Python,PASS,Valid Python Syntax
Hindi,Literal,prompt_28.txt,JavaScript,PASS,Balanced Structure
Hindi,Literal,prompt_29.txt,Generic Snippet,PASS,Validated via structural balance
Hindi,Literal,prompt_30.txt,C-Style/Brace,PASS,Balanced Structure
Hindi,Literal,prompt_31.txt,Python,PASS,Valid Python Syntax
Hindi,Literal,prompt_32.txt,C-Style/Brace,PASS,Balanced Structure
Hindi,Literal,prompt_33.txt,JavaScript,PASS,Balanced Structure
Hindi,Literal,prompt_34.txt,Java,PASS,Balanced Structure
Hindi,Literal,prompt_35.txt,Java,PASS,Balanced Structure
Hindi,Literal,prompt_36.txt,Python,PASS,Valid Python Syntax
Hindi,Literal,prompt_37.txt,Java,PASS,Balanced Structure
Hindi,Literal,prompt_38.txt,Java,PASS,Balanced Structure
Hindi,Literal,prompt_39.txt,Python,PASS,Valid Python Syntax
Hindi,Literal,prompt_40.txt,JavaScript,PASS,Balanced Structure
Hindi,Literal,prompt_41.txt,Python,PASS,Valid Python Syntax
Hindi,Literal,prompt_42.txt,JavaScript,PASS,Balanced Structure
Hindi,Literal,prompt_43.txt,PHP,PASS,Balanced Structure
Hindi,Literal,prompt_44.txt,Python,PASS,Valid Python Syntax
Hindi,Literal,prompt_45.txt,C-Style/Brace,PASS,Balanced Structure
Hindi,Literal,prompt_46.txt,Python,PASS,Valid Python Syntax
Hindi,Literal,prompt_47.txt,C-Style/Brace,PASS,Balanced Structure
Hindi,Literal,prompt_48.txt,C-Style/Brace,PASS,Balanced Structure
Hindi,Literal,prompt_49.txt,Python,PASS,Valid Python Syntax
Hindi,Literal,prompt_50.txt,JavaScript,PASS,Balanced Structure
Hindi,Literal,prompt_51.txt,Python,PASS,Valid Python Syntax
Hindi,Literal,prompt_52.txt,JavaScript,PASS,Balanced Structure
Hindi,Literal,prompt_53.txt,JavaScript,PASS,Balanced Structure
Hindi,Literal,prompt_54.txt,JavaScript,PASS,Balanced Structure
Hindi,Literal,prompt_55.txt,Python,PASS,Valid Python Syntax
Hindi,Literal,prompt_56.txt,JavaScript,PASS,Balanced Structure
Hindi,Literal,prompt_57.txt,PHP,PASS,Balanced Structure
Hindi,Literal,prompt_58.txt,JavaScript,PASS,Balanced Structure
Hindi,Literal,prompt_59.txt,Python,PASS,Valid Python Syntax
Hindi,Literal,prompt_60.txt,C-Style/Brace,PASS,Balanced Structure
Hindi,Literal,prompt_61.txt,Python,PASS,Valid Python Syntax
Hindi,Literal,prompt_62.txt,C-Style/Brace,PASS,Balanced Structure
Hindi,Literal,prompt_63.txt,C-Style/Brace,PASS,Balanced Structure
Hindi,Literal,prompt_64.txt,C-Style/Brace,PASS,Balanced Structure
Hindi,Literal,prompt_65.txt,PHP,PASS,Balanced Structure
Hindi,Literal,prompt_66.txt,C-Style/Brace,PASS,Balanced Structure
Hindi,Literal,prompt_67.txt,Python,PASS,Valid Python Syntax
Hindi,Literal,prompt_68.txt,JavaScript,PASS,Balanced Structure
Hindi,Literal,prompt_69.txt,C-Style/Brace,PASS,Balanced Structure
Hindi,Literal,prompt_70.txt,C-Style/Brace,PASS,Balanced Structure
Hindi,Literal,prompt_71.txt,Python,PASS,Valid Python Syntax
Hindi,Literal,prompt_72.txt,JavaScript,PASS,Balanced Structure
Hindi,Literal,prompt_73.txt,C-Style/Brace,PASS,Balanced Structure
Hindi,Literal,prompt_74.txt,JavaScript,PASS,Balanced Structure
Hindi,Literal,prompt_75.txt,JavaScript,PASS,Balanced Structure
Hindi,Literal,prompt_76.txt,Python,PASS,Valid Python Syntax
Hindi,Literal,prompt_77.txt,C-Style/Brace,PASS,Balanced Structure
Hindi,Literal,prompt_78.txt,C-Style/Brace,PASS,Balanced Structure
Hindi,Literal,prompt_79.txt,Python,PASS,Valid Python Syntax
Hindi,Literal,prompt_80.txt,Python,PASS,Valid Python Syntax
Hindi,Literal,prompt_81.txt,Python,PASS,Valid Python Syntax
Hindi,Literal,prompt_82.txt,C-Style/Brace,PASS,Balanced Structure
Hindi,Literal,prompt_83.txt,C-Style/Brace,PASS,Balanced Structure
Hindi,Literal,prompt_84.txt,Python,PASS,Valid Python Syntax
Hindi,Literal,prompt_85.txt,JavaScript,PASS,Balanced Structure
Hindi,Literal,prompt_86.txt,C-Style/Brace,PASS,Balanced Structure
Hindi,Literal,prompt_87.txt,Python,PASS,Valid Python Syntax
Hindi,Literal,prompt_88.txt,C-Style/Brace,PASS,Balanced Structure
Hindi,Literal,prompt_89.txt,C-Style/Brace,PASS,Balanced Structure
Hindi,Literal,prompt_90.txt,Python,PASS,Valid Python Syntax
Hindi,Literal,prompt_91.txt,Python,PASS,Valid Python Syntax
Hindi,Literal,prompt_92.txt,C-Style/Brace,PASS,Balanced Structure
Hindi,Literal,prompt_93.txt,C-Style/Brace,PASS,Balanced Structure
Hindi,Literal,prompt_94.txt,C-Style/Brace,PASS,Balanced Structure
Hindi,Literal,prompt_95.txt,Python,PASS,Valid Python Syntax
Hindi,Literal,prompt_96.txt,C-Style/Brace,PASS,Balanced Structure
Hindi,Literal,prompt_97.txt,JavaScript,PASS,Balanced Structure
Hindi,Literal,prompt_98.txt,C-Style/Brace,PASS,Balanced Structure
Hindi,Literal,prompt_99.txt,Python,PASS,Valid Python Syntax
Hindi,Literal,prompt_100.txt,C-Style/Brace,PASS,Balanced Structure
Hindi,Natural,prompt_1.txt,Python,PASS,Valid Python Syntax
Hindi,Natural,prompt_2.txt,C-Style/Brace,PASS,Balanced Structure
Hindi,Natural,prompt_3.txt,PHP,PASS,Balanced Structure
Hindi,Natural,prompt_4.txt,C-Style/Brace,PASS,Balanced Structure
Hindi,Natural,prompt_5.txt,C-Style/Brace,PASS,Balanced Structure
Hindi,Natural,prompt_6.txt,Python,PASS,Valid Python Syntax
Hindi,Natural,prompt_7.txt,JavaScript,PASS,Balanced Structure
Hindi,Natural,prompt_8.txt,C-Style/Brace,PASS,Balanced Structure
Hindi,Natural,prompt_9.txt,Ruby,PASS,Valid Ruby blocks
Hindi,Natural,prompt_10.txt,C-Style/Brace,PASS,Balanced Structure
Hindi,Natural,prompt_11.txt,Python,PASS,Valid Python Syntax
Hindi,Natural,prompt_12.txt,C-Style/Brace,PASS,Balanced Structure
Hindi,Natural,prompt_13.txt,Unknown,FAIL,No recognizable code or logic patterns
Hindi,Natural,prompt_14.txt,Python,PASS,Valid Python Syntax
Hindi,Natural,prompt_15.txt,Unknown,FAIL,No recognizable code or logic patterns
Hindi,Natural,prompt_16.txt,C-Style/Brace,PASS,Balanced Structure
Hindi,Natural,prompt_17.txt,C-Style/Brace,PASS,Balanced Structure
Hindi,Natural,prompt_18.txt,C-Style/Brace,PASS,Balanced Structure
Hindi,Natural,prompt_19.txt,Python,PASS,Valid Python Syntax
Hindi,Natural,prompt_20.txt,C-Style/Brace,PASS,Balanced Structure
Hindi,Natural,prompt_21.txt,Python,PASS,Valid Python Syntax
Hindi,Natural,prompt_22.txt,C-Style/Brace,FAIL,Unbalanced: Parens:-4
Hindi,Natural,prompt_23.txt,C-Style/Brace,PASS,Balanced Structure
Hindi,Natural,prompt_24.txt,JavaScript,PASS,Balanced Structure
Hindi,Natural,prompt_25.txt,Unknown,FAIL,No recognizable code or logic patterns
Hindi,Natural,prompt_26.txt,C-Style/Brace,PASS,Balanced Structure
Hindi,Natural,prompt_27.txt,Python,PASS,Valid Python Syntax
Hindi,Natural,prompt_28.txt,JavaScript,PASS,Balanced Structure
Hindi,Natural,prompt_29.txt,Generic Snippet,PASS,Validated via structural balance
Hindi,Natural,prompt_30.txt,C-Style/Brace,PASS,Balanced Structure
Hindi,Natural,prompt_31.txt,Python,PASS,Valid Python Syntax
Hindi,Natural,prompt_32.txt,C-Style/Brace,PASS,Balanced Structure
Hindi,Natural,prompt_33.txt,JavaScript,PASS,Balanced Structure
Hindi,Natural,prompt_34.txt,Java,PASS,Balanced Structure
Hindi,Natural,prompt_35.txt,JavaScript,PASS,Balanced Structure
Hindi,Natural,prompt_36.txt,Python,PASS,Valid Python Syntax
Hindi,Natural,prompt_37.txt,Java,PASS,Balanced Structure
Hindi,Natural,prompt_38.txt,Java,PASS,Balanced Structure
Hindi,Natural,prompt_39.txt,Python,PASS,Valid Python Syntax
Hindi,Natural,prompt_40.txt,JavaScript,PASS,Balanced Structure
Hindi,Natural,prompt_41.txt,Python,PASS,Valid Python Syntax
Hindi,Natural,prompt_42.txt,JavaScript,PASS,Balanced Structure
Hindi,Natural,prompt_43.txt,PHP,PASS,Balanced Structure
Hindi,Natural,prompt_44.txt,Python,PASS,Valid Python Syntax
Hindi,Natural,prompt_45.txt,C-Style/Brace,PASS,Balanced Structure
Hindi,Natural,prompt_46.txt,Python,PASS,Valid Python Syntax
Hindi,Natural,prompt_47.txt,C-Style/Brace,PASS,Balanced Structure
Hindi,Natural,prompt_48.txt,C-Style/Brace,PASS,Balanced Structure
Hindi,Natural,prompt_49.txt,Python,PASS,Valid Python Syntax
Hindi,Natural,prompt_50.txt,JavaScript,PASS,Balanced Structure
Hindi,Natural,prompt_51.txt,Python,PASS,Valid Python Syntax
Hindi,Natural,prompt_52.txt,JavaScript,PASS,Balanced Structure
Hindi,Natural,prompt_53.txt,JavaScript,PASS,Balanced Structure
Hindi,Natural,prompt_54.txt,JavaScript,PASS,Balanced Structure
Hindi,Natural,prompt_55.txt,Python,PASS,Valid Python Syntax
Hindi,Natural,prompt_56.txt,JavaScript,PASS,Balanced Structure
Hindi,Natural,prompt_57.txt,PHP,PASS,Balanced Structure
Hindi,Natural,prompt_58.txt,JavaScript,PASS,Balanced Structure
Hindi,Natural,prompt_59.txt,Python,PASS,Valid Python Syntax
Hindi,Natural,prompt_60.txt,C-Style/Brace,PASS,Balanced Structure
Hindi,Natural,prompt_61.txt,Python,PASS,Valid Python Syntax
Hindi,Natural,prompt_62.txt,C-Style/Brace,PASS,Balanced Structure
Hindi,Natural,prompt_63.txt,C-Style/Brace,PASS,Balanced Structure
Hindi,Natural,prompt_64.txt,C-Style/Brace,PASS,Balanced Structure
Hindi,Natural,prompt_65.txt,PHP,PASS,Balanced Structure
Hindi,Natural,prompt_66.txt,C-Style/Brace,PASS,Balanced Structure
Hindi,Natural,prompt_67.txt,Python,PASS,Valid Python Syntax
Hindi,Natural,prompt_68.txt,JavaScript,PASS,Balanced Structure
Hindi,Natural,prompt_69.txt,C-Style/Brace,PASS,Balanced Structure
Hindi,Natural,prompt_70.txt,C-Style/Brace,PASS,Balanced Structure
Hindi,Natural,prompt_71.txt,Python,PASS,Valid Python Syntax
Hindi,Natural,prompt_72.txt,JavaScript,PASS,Balanced Structure
Hindi,Natural,prompt_73.txt,C-Style/Brace,PASS,Balanced Structure
Hindi,Natural,prompt_74.txt,Generic Snippet,PASS,Validated via structural balance
Hindi,Natural,prompt_75.txt,JavaScript,PASS,Balanced Structure
Hindi,Natural,prompt_76.txt,Python,PASS,Valid Python Syntax
Hindi,Natural,prompt_77.txt,C-Style/Brace,PASS,Balanced Structure
Hindi,Natural,prompt_78.txt,C-Style/Brace,PASS,Balanced Structure
Hindi,Natural,prompt_79.txt,Python,PASS,Valid Python Syntax
Hindi,Natural,prompt_80.txt,Python,PASS,Valid Python Syntax
Hindi,Natural,prompt_81.txt,Python,PASS,Valid Python Syntax
Hindi,Natural,prompt_82.txt,C-Style/Brace,PASS,Balanced Structure
Hindi,Natural,prompt_83.txt,C-Style/Brace,PASS,Balanced Structure
Hindi,Natural,prompt_84.txt,Python,PASS,Valid Python Syntax
Hindi,Natural,prompt_85.txt,JavaScript,PASS,Balanced Structure
Hindi,Natural,prompt_86.txt,C-Style/Brace,PASS,Balanced Structure
Hindi,Natural,prompt_87.txt,Python,PASS,Valid Python Syntax
Hindi,Natural,prompt_88.txt,C-Style/Brace,PASS,Balanced Structure
Hindi,Natural,prompt_89.txt,JavaScript,PASS,Balanced Structure
Hindi,Natural,prompt_90.txt,Python,PASS,Valid Python Syntax
Hindi,Natural,prompt_91.txt,Python,PASS,Valid Python Syntax
Hindi,Natural,prompt_92.txt,C-Style/Brace,PASS,Balanced Structure
Hindi,Natural,prompt_93.txt,C-Style/Brace,PASS,Balanced Structure
Hindi,Natural,prompt_94.txt,C-Style/Brace,PASS,Balanced Structure
Hindi,Natural,prompt_95.txt,Python,PASS,Valid Python Syntax
Hindi,Natural,prompt_96.txt,C-Style/Brace,PASS,Balanced Structure
Hindi,Natural,prompt_97.txt,JavaScript,PASS,Balanced Structure
Hindi,Natural,prompt_98.txt,C-Style/Brace,PASS,Balanced Structure
Hindi,Natural,prompt_99.txt,Python,PASS,Valid Python Syntax
Hindi,Natural,prompt_100.txt,JavaScript,PASS,Balanced Structure
Japanese,Literal,prompt_1.txt,Python,PASS,Valid Python Syntax
Japanese,Literal,prompt_2.txt,C-Style/Brace,PASS,Balanced Structure
Japanese,Literal,prompt_3.txt,PHP,PASS,Balanced Structure
Japanese,Literal,prompt_4.txt,C-Style/Brace,PASS,Balanced Structure
Japanese,Literal,prompt_5.txt,C-Style/Brace,PASS,Balanced Structure
Japanese,Literal,prompt_6.txt,Python,PASS,Valid Python Syntax
Japanese,Literal,prompt_7.txt,JavaScript,PASS,Balanced Structure
Japanese,Literal,prompt_8.txt,C-Style/Brace,PASS,Balanced Structure
Japanese,Literal,prompt_9.txt,Ruby,PASS,Valid Ruby blocks
Japanese,Literal,prompt_10.txt,C-Style/Brace,PASS,Balanced Structure
Japanese,Literal,prompt_11.txt,Python,PASS,Valid Python Syntax
Japanese,Literal,prompt_12.txt,C-Style/Brace,PASS,Balanced Structure
Japanese,Literal,prompt_13.txt,Unknown,FAIL,No recognizable code or logic patterns
Japanese,Literal,prompt_14.txt,Python,PASS,Valid Python Syntax
Japanese,Literal,prompt_15.txt,Unknown,FAIL,No recognizable code or logic patterns
Japanese,Literal,prompt_16.txt,C-Style/Brace,PASS,Balanced Structure
Japanese,Literal,prompt_17.txt,C-Style/Brace,PASS,Balanced Structure
Japanese,Literal,prompt_18.txt,C-Style/Brace,PASS,Balanced Structure
Japanese,Literal,prompt_19.txt,Python,PASS,Valid Python Syntax
Japanese,Literal,prompt_20.txt,C-Style/Brace,PASS,Balanced Structure
Japanese,Literal,prompt_21.txt,Python,PASS,Valid Python Syntax
Japanese,Literal,prompt_22.txt,C-Style/Brace,PASS,Balanced Structure
Japanese,Literal,prompt_23.txt,C-Style/Brace,PASS,Balanced Structure
Japanese,Literal,prompt_24.txt,JavaScript,PASS,Balanced Structure
Japanese,Literal,prompt_25.txt,Unknown,FAIL,No recognizable code or logic patterns
Japanese,Literal,prompt_26.txt,C-Style/Brace,PASS,Balanced Structure
Japanese,Literal,prompt_27.txt,Python,PASS,Valid Python Syntax
Japanese,Literal,prompt_28.txt,JavaScript,PASS,Balanced Structure
Japanese,Literal,prompt_29.txt,Generic Snippet,PASS,Validated via structural balance
Japanese,Literal,prompt_30.txt,C-Style/Brace,PASS,Balanced Structure
Japanese,Literal,prompt_31.txt,Python,PASS,Valid Python Syntax
Japanese,Literal,prompt_32.txt,C-Style/Brace,PASS,Balanced Structure
Japanese,Literal,prompt_33.txt,JavaScript,PASS,Balanced Structure
Japanese,Literal,prompt_34.txt,Java,PASS,Balanced Structure
Japanese,Literal,prompt_35.txt,JavaScript,PASS,Balanced Structure
Japanese,Literal,prompt_36.txt,Python,PASS,Valid Python Syntax
Japanese,Literal,prompt_37.txt,Java,PASS,Balanced Structure
Japanese,Literal,prompt_38.txt,Java,PASS,Balanced Structure
Japanese,Literal,prompt_39.txt,Python,PASS,Valid Python Syntax
Japanese,Literal,prompt_40.txt,Java,PASS,Balanced Structure
Japanese,Literal,prompt_41.txt,Python,PASS,Valid Python Syntax
Japanese,Literal,prompt_42.txt,JavaScript,PASS,Balanced Structure
Japanese,Literal,prompt_43.txt,PHP,PASS,Balanced Structure
Japanese,Literal,prompt_44.txt,Python,PASS,Valid Python Syntax
Japanese,Literal,prompt_45.txt,C-Style/Brace,PASS,Balanced Structure
Japanese,Literal,prompt_46.txt,Python,PASS,Valid Python Syntax
Japanese,Literal,prompt_47.txt,C-Style/Brace,PASS,Balanced Structure
Japanese,Literal,prompt_48.txt,C-Style/Brace,PASS,Balanced Structure
Japanese,Literal,prompt_49.txt,Python,PASS,Valid Python Syntax
Japanese,Literal,prompt_50.txt,JavaScript,PASS,Balanced Structure
Japanese,Literal,prompt_51.txt,Python,PASS,Valid Python Syntax
Japanese,Literal,prompt_52.txt,JavaScript,PASS,Balanced Structure
Japanese,Literal,prompt_53.txt,JavaScript,PASS,Balanced Structure
Japanese,Literal,prompt_54.txt,JavaScript,PASS,Balanced Structure
Japanese,Literal,prompt_55.txt,Python,PASS,Valid Python Syntax
Japanese,Literal,prompt_56.txt,JavaScript,PASS,Balanced Structure
Japanese,Literal,prompt_57.txt,PHP,PASS,Balanced Structure
Japanese,Literal,prompt_58.txt,JavaScript,PASS,Balanced Structure
Japanese,Literal,prompt_59.txt,Python,PASS,Valid Python Syntax
Japanese,Literal,prompt_60.txt,C-Style/Brace,PASS,Balanced Structure
Japanese,Literal,prompt_61.txt,Python,PASS,Valid Python Syntax
Japanese,Literal,prompt_62.txt,C-Style/Brace,PASS,Balanced Structure
Japanese,Literal,prompt_63.txt,C-Style/Brace,PASS,Balanced Structure
Japanese,Literal,prompt_64.txt,C-Style/Brace,PASS,Balanced Structure
Japanese,Literal,prompt_65.txt,PHP,PASS,Balanced Structure
Japanese,Literal,prompt_66.txt,C-Style/Brace,PASS,Balanced Structure
Japanese,Literal,prompt_67.txt,Python,PASS,Valid Python Syntax
Japanese,Literal,prompt_68.txt,JavaScript,PASS,Balanced Structure
Japanese,Literal,prompt_69.txt,Ruby,PASS,Valid Ruby blocks
Japanese,Literal,prompt_70.txt,C-Style/Brace,PASS,Balanced Structure
Japanese,Literal,prompt_71.txt,Python,PASS,Valid Python Syntax
Japanese,Literal,prompt_72.txt,JavaScript,PASS,Balanced Structure
Japanese,Literal,prompt_73.txt,C-Style/Brace,PASS,Balanced Structure
Japanese,Literal,prompt_74.txt,JavaScript,PASS,Balanced Structure
Japanese,Literal,prompt_75.txt,JavaScript,PASS,Balanced Structure
Japanese,Literal,prompt_76.txt,Python,PASS,Valid Python Syntax
Japanese,Literal,prompt_77.txt,C-Style/Brace,PASS,Balanced Structure
Japanese,Literal,prompt_78.txt,C-Style/Brace,PASS,Balanced Structure
Japanese,Literal,prompt_79.txt,Python,PASS,Valid Python Syntax
Japanese,Literal,prompt_80.txt,Python,PASS,Valid Python Syntax
Japanese,Literal,prompt_81.txt,Python,PASS,Valid Python Syntax
Japanese,Literal,prompt_82.txt,C-Style/Brace,PASS,Balanced Structure
Japanese,Literal,prompt_83.txt,C-Style/Brace,PASS,Balanced Structure
Japanese,Literal,prompt_84.txt,Python,PASS,Valid Python Syntax
Japanese,Literal,prompt_85.txt,JavaScript,PASS,Balanced Structure
Japanese,Literal,prompt_86.txt,C-Style/Brace,PASS,Balanced Structure
Japanese,Literal,prompt_87.txt,Python,PASS,Valid Python Syntax
Japanese,Literal,prompt_88.txt,C-Style/Brace,PASS,Balanced Structure
Japanese,Literal,prompt_89.txt,C-Style/Brace,PASS,Balanced Structure
Japanese,Literal,prompt_90.txt,Python,PASS,Valid Python Syntax
Japanese,Literal,prompt_91.txt,Python,PASS,Valid Python Syntax
Japanese,Literal,prompt_92.txt,C-Style/Brace,PASS,Balanced Structure
Japanese,Literal,prompt_93.txt,C-Style/Brace,PASS,Balanced Structure
Japanese,Literal,prompt_94.txt,C-Style/Brace,PASS,Balanced Structure
Japanese,Literal,prompt_95.txt,Python,PASS,Valid Python Syntax
Japanese,Literal,prompt_96.txt,C-Style/Brace,PASS,Balanced Structure
Japanese,Literal,prompt_97.txt,JavaScript,PASS,Balanced Structure
Japanese,Literal,prompt_98.txt,C-Style/Brace,PASS,Balanced Structure
Japanese,Literal,prompt_99.txt,Python,PASS,Valid Python Syntax
Japanese,Literal,prompt_100.txt,C-Style/Brace,PASS,Balanced Structure
Japanese,Natural,prompt_1.txt,Python,PASS,Valid Python Syntax
Japanese,Natural,prompt_2.txt,C-Style/Brace,PASS,Balanced Structure
Japanese,Natural,prompt_3.txt,PHP,PASS,Balanced Structure
Japanese,Natural,prompt_4.txt,C-Style/Brace,PASS,Balanced Structure
Japanese,Natural,prompt_5.txt,C-Style/Brace,PASS,Balanced Structure
Japanese,Natural,prompt_6.txt,Python,PASS,Valid Python Syntax
Japanese,Natural,prompt_7.txt,JavaScript,PASS,Balanced Structure
Japanese,Natural,prompt_8.txt,C-Style/Brace,PASS,Balanced Structure
Japanese,Natural,prompt_9.txt,C-Style/Brace,PASS,Balanced Structure
Japanese,Natural,prompt_10.txt,C-Style/Brace,PASS,Balanced Structure
Japanese,Natural,prompt_11.txt,Python,PASS,Valid Python Syntax
Japanese,Natural,prompt_12.txt,C-Style/Brace,PASS,Balanced Structure
Japanese,Natural,prompt_13.txt,Unknown,FAIL,No recognizable code or logic patterns
Japanese,Natural,prompt_14.txt,Python,PASS,Valid Python Syntax
Japanese,Natural,prompt_15.txt,Unknown,FAIL,No recognizable code or logic patterns
Japanese,Natural,prompt_16.txt,C-Style/Brace,PASS,Balanced Structure
Japanese,Natural,prompt_17.txt,C-Style/Brace,PASS,Balanced Structure
Japanese,Natural,prompt_18.txt,C-Style/Brace,PASS,Balanced Structure
Japanese,Natural,prompt_19.txt,Python,PASS,Valid Python Syntax
Japanese,Natural,prompt_20.txt,C-Style/Brace,PASS,Balanced Structure
Japanese,Natural,prompt_21.txt,Python,PASS,Valid Python Syntax
Japanese,Natural,prompt_22.txt,C-Style/Brace,PASS,Balanced Structure
Japanese,Natural,prompt_23.txt,C-Style/Brace,PASS,Balanced Structure
Japanese,Natural,prompt_24.txt,JavaScript,PASS,Balanced Structure
Japanese,Natural,prompt_25.txt,Unknown,FAIL,No recognizable code or logic patterns
Japanese,Natural,prompt_26.txt,C-Style/Brace,PASS,Balanced Structure
Japanese,Natural,prompt_27.txt,Python,PASS,Valid Python Syntax
Japanese,Natural,prompt_28.txt,JavaScript,PASS,Balanced Structure
Japanese,Natural,prompt_29.txt,Generic Snippet,PASS,Validated via structural balance
Japanese,Natural,prompt_30.txt,C-Style/Brace,PASS,Balanced Structure
Japanese,Natural,prompt_31.txt,Python,PASS,Valid Python Syntax
Japanese,Natural,prompt_32.txt,C-Style/Brace,PASS,Balanced Structure
Japanese,Natural,prompt_33.txt,JavaScript,PASS,Balanced Structure
Japanese,Natural,prompt_34.txt,Java,PASS,Balanced Structure
Japanese,Natural,prompt_35.txt,JavaScript,PASS,Balanced Structure
Japanese,Natural,prompt_36.txt,Python,PASS,Valid Python Syntax
Japanese,Natural,prompt_37.txt,Java,PASS,Balanced Structure
Japanese,Natural,prompt_38.txt,Java,PASS,Balanced Structure
Japanese,Natural,prompt_39.txt,Python,PASS,Valid Python Syntax
Japanese,Natural,prompt_40.txt,Java,PASS,Balanced Structure
Japanese,Natural,prompt_41.txt,Python,PASS,Valid Python Syntax
Japanese,Natural,prompt_42.txt,JavaScript,PASS,Balanced Structure
Japanese,Natural,prompt_43.txt,PHP,PASS,Balanced Structure
Japanese,Natural,prompt_44.txt,Python,PASS,Valid Python Syntax
Japanese,Natural,prompt_45.txt,C-Style/Brace,PASS,Balanced Structure
Japanese,Natural,prompt_46.txt,Python,PASS,Valid Python Syntax
Japanese,Natural,prompt_47.txt,C-Style/Brace,PASS,Balanced Structure
Japanese,Natural,prompt_48.txt,C-Style/Brace,PASS,Balanced Structure
Japanese,Natural,prompt_49.txt,Python,PASS,Valid Python Syntax
Japanese,Natural,prompt_50.txt,JavaScript,PASS,Balanced Structure
Japanese,Natural,prompt_51.txt,Python,PASS,Valid Python Syntax
Japanese,Natural,prompt_52.txt,JavaScript,PASS,Balanced Structure
Japanese,Natural,prompt_53.txt,JavaScript,PASS,Balanced Structure
Japanese,Natural,prompt_54.txt,JavaScript,PASS,Balanced Structure
Japanese,Natural,prompt_55.txt,Python,PASS,Valid Python Syntax
Japanese,Natural,prompt_56.txt,JavaScript,PASS,Balanced Structure
Japanese,Natural,prompt_57.txt,PHP,PASS,Balanced Structure
Japanese,Natural,prompt_58.txt,JavaScript,PASS,Balanced Structure
Japanese,Natural,prompt_59.txt,Python,PASS,Valid Python Syntax
Japanese,Natural,prompt_60.txt,C-Style/Brace,PASS,Balanced Structure
Japanese,Natural,prompt_61.txt,Python,PASS,Valid Python Syntax
Japanese,Natural,prompt_62.txt,C-Style/Brace,PASS,Balanced Structure
Japanese,Natural,prompt_63.txt,C-Style/Brace,PASS,Balanced Structure
Japanese,Natural,prompt_64.txt,C-Style/Brace,PASS,Balanced Structure
Japanese,Natural,prompt_65.txt,PHP,PASS,Balanced Structure
Japanese,Natural,prompt_66.txt,C-Style/Brace,PASS,Balanced Structure
Japanese,Natural,prompt_67.txt,Python,PASS,Valid Python Syntax
Japanese,Natural,prompt_68.txt,JavaScript,PASS,Balanced Structure
Japanese,Natural,prompt_69.txt,Ruby,PASS,Valid Ruby blocks
Japanese,Natural,prompt_70.txt,C-Style/Brace,PASS,Balanced Structure
Japanese,Natural,prompt_71.txt,Python,PASS,Valid Python Syntax
Japanese,Natural,prompt_72.txt,JavaScript,PASS,Balanced Structure
Japanese,Natural,prompt_73.txt,C-Style/Brace,PASS,Balanced Structure
Japanese,Natural,prompt_74.txt,JavaScript,PASS,Balanced Structure
Japanese,Natural,prompt_75.txt,JavaScript,PASS,Balanced Structure
Japanese,Natural,prompt_76.txt,Python,PASS,Valid Python Syntax
Japanese,Natural,prompt_77.txt,C-Style/Brace,PASS,Balanced Structure
Japanese,Natural,prompt_78.txt,C-Style/Brace,PASS,Balanced Structure
Japanese,Natural,prompt_79.txt,Python,PASS,Valid Python Syntax
Japanese,Natural,prompt_80.txt,Python,PASS,Valid Python Syntax
Japanese,Natural,prompt_81.txt,Python,PASS,Valid Python Syntax
Japanese,Natural,prompt_82.txt,C-Style/Brace,PASS,Balanced Structure
Japanese,Natural,prompt_83.txt,C-Style/Brace,PASS,Balanced Structure
Japanese,Natural,prompt_84.txt,Python,PASS,Valid Python Syntax
Japanese,Natural,prompt_85.txt,PHP,PASS,Balanced Structure
Japanese,Natural,prompt_86.txt,C-Style/Brace,PASS,Balanced Structure
Japanese,Natural,prompt_87.txt,Python,PASS,Valid Python Syntax
Japanese,Natural,prompt_88.txt,C-Style/Brace,PASS,Balanced Structure
Japanese,Natural,prompt_89.txt,JavaScript,PASS,Balanced Structure
Japanese,Natural,prompt_90.txt,Python,PASS,Valid Python Syntax
Japanese,Natural,prompt_91.txt,Python,PASS,Valid Python Syntax
Japanese,Natural,prompt_92.txt,C-Style/Brace,PASS,Balanced Structure
Japanese,Natural,prompt_93.txt,C-Style/Brace,PASS,Balanced Structure
Japanese,Natural,prompt_94.txt,C-Style/Brace,PASS,Balanced Structure
Japanese,Natural,prompt_95.txt,Python,PASS,Valid Python Syntax
Japanese,Natural,prompt_96.txt,C-Style/Brace,PASS,Balanced Structure
Japanese,Natural,prompt_97.txt,JavaScript,PASS,Balanced Structure
Japanese,Natural,prompt_98.txt,C-Style/Brace,PASS,Balanced Structure
Japanese,Natural,prompt_99.txt,Python,PASS,Valid Python Syntax
Japanese,Natural,prompt_100.txt,C-Style/Brace,PASS,Balanced Structure
Portuguese,Literal,prompt_1.txt,Python,PASS,Valid Python Syntax
Portuguese,Literal,prompt_2.txt,C-Style/Brace,PASS,Balanced Structure
Portuguese,Literal,prompt_3.txt,PHP,PASS,Balanced Structure
Portuguese,Literal,prompt_4.txt,C-Style/Brace,PASS,Balanced Structure
Portuguese,Literal,prompt_5.txt,C-Style/Brace,PASS,Balanced Structure
Portuguese,Literal,prompt_6.txt,Python,PASS,Valid Python Syntax
Portuguese,Literal,prompt_7.txt,JavaScript,PASS,Balanced Structure
Portuguese,Literal,prompt_8.txt,C-Style/Brace,PASS,Balanced Structure
Portuguese,Literal,prompt_9.txt,Ruby,PASS,Valid Ruby blocks
Portuguese,Literal,prompt_10.txt,C-Style/Brace,PASS,Balanced Structure
Portuguese,Literal,prompt_11.txt,Python,PASS,Valid Python Syntax
Portuguese,Literal,prompt_12.txt,C-Style/Brace,PASS,Balanced Structure
Portuguese,Literal,prompt_13.txt,Unknown,FAIL,No recognizable code or logic patterns
Portuguese,Literal,prompt_14.txt,Python,PASS,Valid Python Syntax
Portuguese,Literal,prompt_15.txt,Unknown,FAIL,No recognizable code or logic patterns
Portuguese,Literal,prompt_16.txt,C-Style/Brace,PASS,Balanced Structure
Portuguese,Literal,prompt_17.txt,JavaScript,PASS,Balanced Structure
Portuguese,Literal,prompt_18.txt,C-Style/Brace,PASS,Balanced Structure
Portuguese,Literal,prompt_19.txt,Python,PASS,Valid Python Syntax
Portuguese,Literal,prompt_20.txt,C-Style/Brace,PASS,Balanced Structure
Portuguese,Literal,prompt_21.txt,Python,PASS,Valid Python Syntax
Portuguese,Literal,prompt_22.txt,C-Style/Brace,PASS,Balanced Structure
Portuguese,Literal,prompt_23.txt,C-Style/Brace,PASS,Balanced Structure
Portuguese,Literal,prompt_24.txt,JavaScript,PASS,Balanced Structure
Portuguese,Literal,prompt_25.txt,Unknown,FAIL,No recognizable code or logic patterns
Portuguese,Literal,prompt_26.txt,C-Style/Brace,PASS,Balanced Structure
Portuguese,Literal,prompt_27.txt,Python,PASS,Valid Python Syntax
Portuguese,Literal,prompt_28.txt,Generic Snippet,PASS,Validated via structural balance
Portuguese,Literal,prompt_29.txt,Generic Snippet,PASS,Validated via structural balance
Portuguese,Literal,prompt_30.txt,C-Style/Brace,PASS,Balanced Structure
Portuguese,Literal,prompt_31.txt,Python,PASS,Valid Python Syntax
Portuguese,Literal,prompt_32.txt,C-Style/Brace,PASS,Balanced Structure
Portuguese,Literal,prompt_33.txt,JavaScript,PASS,Balanced Structure
Portuguese,Literal,prompt_34.txt,Java,PASS,Balanced Structure
Portuguese,Literal,prompt_35.txt,JavaScript,PASS,Balanced Structure
Portuguese,Literal,prompt_36.txt,Python,PASS,Valid Python Syntax
Portuguese,Literal,prompt_37.txt,Java,PASS,Balanced Structure
Portuguese,Literal,prompt_38.txt,Java,PASS,Balanced Structure
Portuguese,Literal,prompt_39.txt,Python,PASS,Valid Python Syntax
Portuguese,Literal,prompt_40.txt,JavaScript,PASS,Balanced Structure
Portuguese,Literal,prompt_41.txt,Python,PASS,Valid Python Syntax
Portuguese,Literal,prompt_42.txt,JavaScript,PASS,Balanced Structure
Portuguese,Literal,prompt_43.txt,PHP,PASS,Balanced Structure
Portuguese,Literal,prompt_44.txt,Python,PASS,Valid Python Syntax
Portuguese,Literal,prompt_45.txt,C-Style/Brace,PASS,Balanced Structure
Portuguese,Literal,prompt_46.txt,Python,PASS,Valid Python Syntax
Portuguese,Literal,prompt_47.txt,C-Style/Brace,PASS,Balanced Structure
Portuguese,Literal,prompt_48.txt,C-Style/Brace,PASS,Balanced Structure
Portuguese,Literal,prompt_49.txt,Python,PASS,Valid Python Syntax
Portuguese,Literal,prompt_50.txt,JavaScript,PASS,Balanced Structure
Portuguese,Literal,prompt_51.txt,Python,PASS,Valid Python Syntax
Portuguese,Literal,prompt_52.txt,JavaScript,PASS,Balanced Structure
Portuguese,Literal,prompt_53.txt,JavaScript,PASS,Balanced Structure
Portuguese,Literal,prompt_54.txt,JavaScript,PASS,Balanced Structure
Portuguese,Literal,prompt_55.txt,Python,PASS,Valid Python Syntax
Portuguese,Literal,prompt_56.txt,JavaScript,PASS,Balanced Structure
Portuguese,Literal,prompt_57.txt,PHP,PASS,Balanced Structure
Portuguese,Literal,prompt_58.txt,JavaScript,PASS,Balanced Structure
Portuguese,Literal,prompt_59.txt,Python,PASS,Valid Python Syntax
Portuguese,Literal,prompt_60.txt,C-Style/Brace,PASS,Balanced Structure
Portuguese,Literal,prompt_61.txt,Python,PASS,Valid Python Syntax
Portuguese,Literal,prompt_62.txt,C-Style/Brace,PASS,Balanced Structure
Portuguese,Literal,prompt_63.txt,C-Style/Brace,PASS,Balanced Structure
Portuguese,Literal,prompt_64.txt,C-Style/Brace,PASS,Balanced Structure
Portuguese,Literal,prompt_65.txt,PHP,PASS,Balanced Structure
Portuguese,Literal,prompt_66.txt,C-Style/Brace,PASS,Balanced Structure
Portuguese,Literal,prompt_67.txt,Python,PASS,Valid Python Syntax
Portuguese,Literal,prompt_68.txt,JavaScript,PASS,Balanced Structure
Portuguese,Literal,prompt_69.txt,C-Style/Brace,PASS,Balanced Structure
Portuguese,Literal,prompt_70.txt,C-Style/Brace,PASS,Balanced Structure
Portuguese,Literal,prompt_71.txt,Python,PASS,Valid Python Syntax
Portuguese,Literal,prompt_72.txt,JavaScript,PASS,Balanced Structure
Portuguese,Literal,prompt_73.txt,C-Style/Brace,PASS,Balanced Structure
Portuguese,Literal,prompt_74.txt,JavaScript,PASS,Balanced Structure
Portuguese,Literal,prompt_75.txt,JavaScript,PASS,Balanced Structure
Portuguese,Literal,prompt_76.txt,Python,PASS,Valid Python Syntax
Portuguese,Literal,prompt_77.txt,C-Style/Brace,PASS,Balanced Structure
Portuguese,Literal,prompt_78.txt,C-Style/Brace,PASS,Balanced Structure
Portuguese,Literal,prompt_79.txt,Python,PASS,Valid Python Syntax
Portuguese,Literal,prompt_80.txt,Python,PASS,Valid Python Syntax
Portuguese,Literal,prompt_81.txt,Python,PASS,Valid Python Syntax
Portuguese,Literal,prompt_82.txt,C-Style/Brace,PASS,Balanced Structure
Portuguese,Literal,prompt_83.txt,C-Style/Brace,PASS,Balanced Structure
Portuguese,Literal,prompt_84.txt,Python,PASS,Valid Python Syntax
Portuguese,Literal,prompt_85.txt,JavaScript,PASS,Balanced Structure
Portuguese,Literal,prompt_86.txt,C-Style/Brace,PASS,Balanced Structure
Portuguese,Literal,prompt_87.txt,Python,PASS,Valid Python Syntax
Portuguese,Literal,prompt_88.txt,C-Style/Brace,PASS,Balanced Structure
Portuguese,Literal,prompt_89.txt,C-Style/Brace,PASS,Balanced Structure
Portuguese,Literal,prompt_90.txt,Python,PASS,Valid Python Syntax
Portuguese,Literal,prompt_91.txt,Python,PASS,Valid Python Syntax
Portuguese,Literal,prompt_92.txt,C-Style/Brace,PASS,Balanced Structure
Portuguese,Literal,prompt_93.txt,C-Style/Brace,PASS,Balanced Structure
Portuguese,Literal,prompt_94.txt,C-Style/Brace,PASS,Balanced Structure
Portuguese,Literal,prompt_95.txt,Python,PASS,Valid Python Syntax
Portuguese,Literal,prompt_96.txt,C-Style/Brace,PASS,Balanced Structure
Portuguese,Literal,prompt_97.txt,JavaScript,PASS,Balanced Structure
Portuguese,Literal,prompt_98.txt,C-Style/Brace,PASS,Balanced Structure
Portuguese,Literal,prompt_99.txt,Python,PASS,Valid Python Syntax
Portuguese,Literal,prompt_100.txt,JavaScript,PASS,Balanced Structure
Portuguese,Natural,prompt_1.txt,Python,PASS,Valid Python Syntax
Portuguese,Natural,prompt_2.txt,C-Style/Brace,PASS,Balanced Structure
Portuguese,Natural,prompt_3.txt,PHP,PASS,Balanced Structure
Portuguese,Natural,prompt_4.txt,C-Style/Brace,PASS,Balanced Structure
Portuguese,Natural,prompt_5.txt,C-Style/Brace,PASS,Balanced Structure
Portuguese,Natural,prompt_6.txt,Python,PASS,Valid Python Syntax
Portuguese,Natural,prompt_7.txt,JavaScript,PASS,Balanced Structure
Portuguese,Natural,prompt_8.txt,C-Style/Brace,PASS,Balanced Structure
Portuguese,Natural,prompt_9.txt,Ruby,PASS,Valid Ruby blocks
Portuguese,Natural,prompt_10.txt,C-Style/Brace,PASS,Balanced Structure
Portuguese,Natural,prompt_11.txt,Python,PASS,Valid Python Syntax
Portuguese,Natural,prompt_12.txt,C-Style/Brace,PASS,Balanced Structure
Portuguese,Natural,prompt_13.txt,Unknown,FAIL,No recognizable code or logic patterns
Portuguese,Natural,prompt_14.txt,Python,PASS,Valid Python Syntax
Portuguese,Natural,prompt_15.txt,Unknown,FAIL,No recognizable code or logic patterns
Portuguese,Natural,prompt_16.txt,C-Style/Brace,PASS,Balanced Structure
Portuguese,Natural,prompt_17.txt,JavaScript,PASS,Balanced Structure
Portuguese,Natural,prompt_18.txt,C-Style/Brace,PASS,Balanced Structure
Portuguese,Natural,prompt_19.txt,C-Style/Brace,PASS,Balanced Structure
Portuguese,Natural,prompt_20.txt,C-Style/Brace,PASS,Balanced Structure
Portuguese,Natural,prompt_21.txt,Python,PASS,Valid Python Syntax
Portuguese,Natural,prompt_22.txt,C-Style/Brace,PASS,Balanced Structure
Portuguese,Natural,prompt_23.txt,C-Style/Brace,PASS,Balanced Structure
Portuguese,Natural,prompt_24.txt,C-Style/Brace,PASS,Balanced Structure
Portuguese,Natural,prompt_25.txt,Unknown,FAIL,No recognizable code or logic patterns
Portuguese,Natural,prompt_26.txt,C-Style/Brace,PASS,Balanced Structure
Portuguese,Natural,prompt_27.txt,Python,PASS,Valid Python Syntax
Portuguese,Natural,prompt_28.txt,JavaScript,PASS,Balanced Structure
Portuguese,Natural,prompt_29.txt,Unknown,FAIL,No recognizable code or logic patterns
Portuguese,Natural,prompt_30.txt,C-Style/Brace,PASS,Balanced Structure
Portuguese,Natural,prompt_31.txt,Python,PASS,Valid Python Syntax
Portuguese,Natural,prompt_32.txt,C-Style/Brace,PASS,Balanced Structure
Portuguese,Natural,prompt_33.txt,JavaScript,PASS,Balanced Structure
Portuguese,Natural,prompt_34.txt,Java,PASS,Balanced Structure
Portuguese,Natural,prompt_35.txt,JavaScript,PASS,Balanced Structure
Portuguese,Natural,prompt_36.txt,Python,PASS,Valid Python Syntax
Portuguese,Natural,prompt_37.txt,Java,PASS,Balanced Structure
Portuguese,Natural,prompt_38.txt,Java,PASS,Balanced Structure
Portuguese,Natural,prompt_39.txt,Python,PASS,Valid Python Syntax
Portuguese,Natural,prompt_40.txt,Java,PASS,Balanced Structure
Portuguese,Natural,prompt_41.txt,Python,PASS,Valid Python Syntax
Portuguese,Natural,prompt_42.txt,JavaScript,PASS,Balanced Structure
Portuguese,Natural,prompt_43.txt,PHP,PASS,Balanced Structure
Portuguese,Natural,prompt_44.txt,Python,PASS,Valid Python Syntax
Portuguese,Natural,prompt_45.txt,C-Style/Brace,PASS,Balanced Structure
Portuguese,Natural,prompt_46.txt,Python,PASS,Valid Python Syntax
Portuguese,Natural,prompt_47.txt,C-Style/Brace,PASS,Balanced Structure
Portuguese,Natural,prompt_48.txt,C-Style/Brace,PASS,Balanced Structure
Portuguese,Natural,prompt_49.txt,Python,PASS,Valid Python Syntax
Portuguese,Natural,prompt_50.txt,JavaScript,PASS,Balanced Structure
Portuguese,Natural,prompt_51.txt,Python,PASS,Valid Python Syntax
Portuguese,Natural,prompt_52.txt,JavaScript,PASS,Balanced Structure
Portuguese,Natural,prompt_53.txt,JavaScript,PASS,Balanced Structure
Portuguese,Natural,prompt_54.txt,JavaScript,PASS,Balanced Structure
Portuguese,Natural,prompt_55.txt,Python,PASS,Valid Python Syntax
Portuguese,Natural,prompt_56.txt,JavaScript,PASS,Balanced Structure
Portuguese,Natural,prompt_57.txt,PHP,PASS,Balanced Structure
Portuguese,Natural,prompt_58.txt,JavaScript,PASS,Balanced Structure
Portuguese,Natural,prompt_59.txt,Python,PASS,Valid Python Syntax
Portuguese,Natural,prompt_60.txt,C-Style/Brace,PASS,Balanced Structure
Portuguese,Natural,prompt_61.txt,Python,PASS,Valid Python Syntax
Portuguese,Natural,prompt_62.txt,C-Style/Brace,PASS,Balanced Structure
Portuguese,Natural,prompt_63.txt,C-Style/Brace,PASS,Balanced Structure
Portuguese,Natural,prompt_64.txt,C-Style/Brace,PASS,Balanced Structure
Portuguese,Natural,prompt_65.txt,PHP,PASS,Balanced Structure
Portuguese,Natural,prompt_66.txt,C-Style/Brace,PASS,Balanced Structure
Portuguese,Natural,prompt_67.txt,Python,PASS,Valid Python Syntax
Portuguese,Natural,prompt_68.txt,JavaScript,PASS,Balanced Structure
Portuguese,Natural,prompt_69.txt,Ruby,PASS,Valid Ruby blocks
Portuguese,Natural,prompt_70.txt,C-Style/Brace,PASS,Balanced Structure
Portuguese,Natural,prompt_71.txt,Python,PASS,Valid Python Syntax
Portuguese,Natural,prompt_72.txt,JavaScript,PASS,Balanced Structure
Portuguese,Natural,prompt_73.txt,C-Style/Brace,PASS,Balanced Structure
Portuguese,Natural,prompt_74.txt,JavaScript,PASS,Balanced Structure
Portuguese,Natural,prompt_75.txt,JavaScript,PASS,Balanced Structure
Portuguese,Natural,prompt_76.txt,Python,PASS,Valid Python Syntax
Portuguese,Natural,prompt_77.txt,C-Style/Brace,PASS,Balanced Structure
Portuguese,Natural,prompt_78.txt,C-Style/Brace,PASS,Balanced Structure
Portuguese,Natural,prompt_79.txt,Python,PASS,Valid Python Syntax
Portuguese,Natural,prompt_80.txt,Python,PASS,Valid Python Syntax
Portuguese,Natural,prompt_81.txt,Python,PASS,Valid Python Syntax
Portuguese,Natural,prompt_82.txt,C-Style/Brace,PASS,Balanced Structure
Portuguese,Natural,prompt_83.txt,C-Style/Brace,PASS,Balanced Structure
Portuguese,Natural,prompt_84.txt,Python,PASS,Valid Python Syntax
Portuguese,Natural,prompt_85.txt,JavaScript,PASS,Balanced Structure
Portuguese,Natural,prompt_86.txt,C-Style/Brace,PASS,Balanced Structure
Portuguese,Natural,prompt_87.txt,Python,PASS,Valid Python Syntax
Portuguese,Natural,prompt_88.txt,C-Style/Brace,PASS,Balanced Structure
Portuguese,Natural,prompt_89.txt,C-Style/Brace,PASS,Balanced Structure
Portuguese,Natural,prompt_90.txt,Python,PASS,Valid Python Syntax
Portuguese,Natural,prompt_91.txt,Python,PASS,Valid Python Syntax
Portuguese,Natural,prompt_92.txt,C-Style/Brace,PASS,Balanced Structure
Portuguese,Natural,prompt_93.txt,C-Style/Brace,PASS,Balanced Structure
Portuguese,Natural,prompt_94.txt,C-Style/Brace,PASS,Balanced Structure
Portuguese,Natural,prompt_95.txt,Python,PASS,Valid Python Syntax
Portuguese,Natural,prompt_96.txt,C-Style/Brace,PASS,Balanced Structure
Portuguese,Natural,prompt_97.txt,JavaScript,PASS,Balanced Structure
Portuguese,Natural,prompt_98.txt,C-Style/Brace,PASS,Balanced Structure
Portuguese,Natural,prompt_99.txt,Python,PASS,Valid Python Syntax
Portuguese,Natural,prompt_100.txt,C-Style/Brace,PASS,Balanced Structure
Russian,Literal,prompt_1.txt,Python,PASS,Valid Python Syntax
Russian,Literal,prompt_2.txt,C-Style/Brace,PASS,Balanced Structure
Russian,Literal,prompt_3.txt,PHP,PASS,Balanced Structure
Russian,Literal,prompt_4.txt,C-Style/Brace,PASS,Balanced Structure
Russian,Literal,prompt_5.txt,C-Style/Brace,PASS,Balanced Structure
Russian,Literal,prompt_6.txt,Python,PASS,Valid Python Syntax
Russian,Literal,prompt_7.txt,JavaScript,PASS,Balanced Structure
Russian,Literal,prompt_8.txt,C-Style/Brace,PASS,Balanced Structure
Russian,Literal,prompt_9.txt,Ruby,PASS,Valid Ruby blocks
Russian,Literal,prompt_10.txt,C-Style/Brace,PASS,Balanced Structure
Russian,Literal,prompt_11.txt,Python,PASS,Valid Python Syntax
Russian,Literal,prompt_12.txt,C-Style/Brace,PASS,Balanced Structure
Russian,Literal,prompt_13.txt,Unknown,FAIL,No recognizable code or logic patterns
Russian,Literal,prompt_14.txt,Python,PASS,Valid Python Syntax
Russian,Literal,prompt_15.txt,Unknown,FAIL,No recognizable code or logic patterns
Russian,Literal,prompt_16.txt,C-Style/Brace,PASS,Balanced Structure
Russian,Literal,prompt_17.txt,C-Style/Brace,PASS,Balanced Structure
Russian,Literal,prompt_18.txt,C-Style/Brace,PASS,Balanced Structure
Russian,Literal,prompt_19.txt,Python,PASS,Valid Python Syntax
Russian,Literal,prompt_20.txt,C-Style/Brace,PASS,Balanced Structure
Russian,Literal,prompt_21.txt,Python,PASS,Valid Python Syntax
Russian,Literal,prompt_22.txt,C-Style/Brace,PASS,Balanced Structure
Russian,Literal,prompt_23.txt,C-Style/Brace,PASS,Balanced Structure
Russian,Literal,prompt_24.txt,JavaScript,PASS,Balanced Structure
Russian,Literal,prompt_25.txt,Unknown,FAIL,No recognizable code or logic patterns
Russian,Literal,prompt_26.txt,C-Style/Brace,PASS,Balanced Structure
Russian,Literal,prompt_27.txt,Python,PASS,Valid Python Syntax
Russian,Literal,prompt_28.txt,JavaScript,PASS,Balanced Structure
Russian,Literal,prompt_29.txt,Generic Snippet,PASS,Validated via structural balance
Russian,Literal,prompt_30.txt,C-Style/Brace,PASS,Balanced Structure
Russian,Literal,prompt_31.txt,Python,PASS,Valid Python Syntax
Russian,Literal,prompt_32.txt,C-Style/Brace,PASS,Balanced Structure
Russian,Literal,prompt_33.txt,JavaScript,PASS,Balanced Structure
Russian,Literal,prompt_34.txt,Java,PASS,Balanced Structure
Russian,Literal,prompt_35.txt,JavaScript,PASS,Balanced Structure
Russian,Literal,prompt_36.txt,Python,PASS,Valid Python Syntax
Russian,Literal,prompt_37.txt,Java,PASS,Balanced Structure
Russian,Literal,prompt_38.txt,Java,PASS,Balanced Structure
Russian,Literal,prompt_39.txt,Python,PASS,Valid Python Syntax
Russian,Literal,prompt_40.txt,Java,PASS,Balanced Structure
Russian,Literal,prompt_41.txt,Python,PASS,Valid Python Syntax
Russian,Literal,prompt_42.txt,JavaScript,PASS,Balanced Structure
Russian,Literal,prompt_43.txt,PHP,PASS,Balanced Structure
Russian,Literal,prompt_44.txt,Python,PASS,Valid Python Syntax
Russian,Literal,prompt_45.txt,C-Style/Brace,PASS,Balanced Structure
Russian,Literal,prompt_46.txt,Python,PASS,Valid Python Syntax
Russian,Literal,prompt_47.txt,C-Style/Brace,PASS,Balanced Structure
Russian,Literal,prompt_48.txt,C-Style/Brace,PASS,Balanced Structure
Russian,Literal,prompt_49.txt,Python,PASS,Valid Python Syntax
Russian,Literal,prompt_50.txt,JavaScript,PASS,Balanced Structure
Russian,Literal,prompt_51.txt,Python,PASS,Valid Python Syntax
Russian,Literal,prompt_52.txt,JavaScript,PASS,Balanced Structure
Russian,Literal,prompt_53.txt,JavaScript,PASS,Balanced Structure
Russian,Literal,prompt_54.txt,JavaScript,PASS,Balanced Structure
Russian,Literal,prompt_55.txt,Python,PASS,Valid Python Syntax
Russian,Literal,prompt_56.txt,JavaScript,PASS,Balanced Structure
Russian,Literal,prompt_57.txt,PHP,PASS,Balanced Structure
Russian,Literal,prompt_58.txt,JavaScript,PASS,Balanced Structure
Russian,Literal,prompt_59.txt,Python,PASS,Valid Python Syntax
Russian,Literal,prompt_60.txt,C-Style/Brace,PASS,Balanced Structure
Russian,Literal,prompt_61.txt,Python,PASS,Valid Python Syntax
Russian,Literal,prompt_62.txt,JavaScript,PASS,Balanced Structure
Russian,Literal,prompt_63.txt,C-Style/Brace,PASS,Balanced Structure
Russian,Literal,prompt_64.txt,C-Style/Brace,PASS,Balanced Structure
Russian,Literal,prompt_65.txt,PHP,PASS,Balanced Structure
Russian,Literal,prompt_66.txt,C-Style/Brace,PASS,Balanced Structure
Russian,Literal,prompt_67.txt,Python,PASS,Valid Python Syntax
Russian,Literal,prompt_68.txt,JavaScript,PASS,Balanced Structure
Russian,Literal,prompt_69.txt,C-Style/Brace,PASS,Balanced Structure
Russian,Literal,prompt_70.txt,C-Style/Brace,PASS,Balanced Structure
Russian,Literal,prompt_71.txt,Python,PASS,Valid Python Syntax
Russian,Literal,prompt_72.txt,JavaScript,PASS,Balanced Structure
Russian,Literal,prompt_73.txt,C-Style/Brace,PASS,Balanced Structure
Russian,Literal,prompt_74.txt,JavaScript,PASS,Balanced Structure
Russian,Literal,prompt_75.txt,JavaScript,PASS,Balanced Structure
Russian,Literal,prompt_76.txt,Python,PASS,Valid Python Syntax
Russian,Literal,prompt_77.txt,C-Style/Brace,PASS,Balanced Structure
Russian,Literal,prompt_78.txt,C-Style/Brace,PASS,Balanced Structure
Russian,Literal,prompt_79.txt,Python,PASS,Valid Python Syntax
Russian,Literal,prompt_80.txt,Python,PASS,Valid Python Syntax
Russian,Literal,prompt_81.txt,Python,PASS,Valid Python Syntax
Russian,Literal,prompt_82.txt,C-Style/Brace,PASS,Balanced Structure
Russian,Literal,prompt_83.txt,C-Style/Brace,PASS,Balanced Structure
Russian,Literal,prompt_84.txt,Python,PASS,Valid Python Syntax
Russian,Literal,prompt_85.txt,JavaScript,PASS,Balanced Structure
Russian,Literal,prompt_86.txt,C-Style/Brace,PASS,Balanced Structure
Russian,Literal,prompt_87.txt,Python,PASS,Valid Python Syntax
Russian,Literal,prompt_88.txt,C-Style/Brace,PASS,Balanced Structure
Russian,Literal,prompt_89.txt,JavaScript,PASS,Balanced Structure
Russian,Literal,prompt_90.txt,Python,PASS,Valid Python Syntax
Russian,Literal,prompt_91.txt,Python,PASS,Valid Python Syntax
Russian,Literal,prompt_92.txt,C-Style/Brace,PASS,Balanced Structure
Russian,Literal,prompt_93.txt,C-Style/Brace,PASS,Balanced Structure
Russian,Literal,prompt_94.txt,C-Style/Brace,PASS,Balanced Structure
Russian,Literal,prompt_95.txt,Python,PASS,Valid Python Syntax
Russian,Literal,prompt_96.txt,C-Style/Brace,PASS,Balanced Structure
Russian,Literal,prompt_97.txt,JavaScript,PASS,Balanced Structure
Russian,Literal,prompt_98.txt,C-Style/Brace,PASS,Balanced Structure
Russian,Literal,prompt_99.txt,Python,PASS,Valid Python Syntax
Russian,Literal,prompt_100.txt,C-Style/Brace,PASS,Balanced Structure
Russian,Natural,prompt_1.txt,Python,PASS,Valid Python Syntax
Russian,Natural,prompt_2.txt,C-Style/Brace,PASS,Balanced Structure
Russian,Natural,prompt_3.txt,PHP,PASS,Balanced Structure
Russian,Natural,prompt_4.txt,C-Style/Brace,PASS,Balanced Structure
Russian,Natural,prompt_5.txt,C-Style/Brace,PASS,Balanced Structure
Russian,Natural,prompt_6.txt,Python,PASS,Valid Python Syntax
Russian,Natural,prompt_7.txt,JavaScript,PASS,Balanced Structure
Russian,Natural,prompt_8.txt,C-Style/Brace,PASS,Balanced Structure
Russian,Natural,prompt_9.txt,C-Style/Brace,PASS,Balanced Structure
Russian,Natural,prompt_10.txt,C-Style/Brace,PASS,Balanced Structure
Russian,Natural,prompt_11.txt,Python,PASS,Valid Python Syntax
Russian,Natural,prompt_12.txt,C-Style/Brace,PASS,Balanced Structure
Russian,Natural,prompt_13.txt,Unknown,FAIL,No recognizable code or logic patterns
Russian,Natural,prompt_14.txt,Python,PASS,Valid Python Syntax
Russian,Natural,prompt_15.txt,Unknown,FAIL,No recognizable code or logic patterns
Russian,Natural,prompt_16.txt,C-Style/Brace,PASS,Balanced Structure
Russian,Natural,prompt_17.txt,JavaScript,PASS,Balanced Structure
Russian,Natural,prompt_18.txt,C-Style/Brace,PASS,Balanced Structure
Russian,Natural,prompt_19.txt,Python,PASS,Valid Python Syntax
Russian,Natural,prompt_20.txt,C-Style/Brace,PASS,Balanced Structure
Russian,Natural,prompt_21.txt,Python,PASS,Valid Python Syntax
Russian,Natural,prompt_22.txt,C-Style/Brace,FAIL,Unbalanced: Parens:-3
Russian,Natural,prompt_23.txt,C-Style/Brace,PASS,Balanced Structure
Russian,Natural,prompt_24.txt,JavaScript,PASS,Balanced Structure
Russian,Natural,prompt_25.txt,Unknown,FAIL,No recognizable code or logic patterns
Russian,Natural,prompt_26.txt,C-Style/Brace,PASS,Balanced Structure
Russian,Natural,prompt_27.txt,Python,PASS,Valid Python Syntax
Russian,Natural,prompt_28.txt,JavaScript,PASS,Balanced Structure
Russian,Natural,prompt_29.txt,Generic Snippet,PASS,Validated via structural balance
Russian,Natural,prompt_30.txt,C-Style/Brace,PASS,Balanced Structure
Russian,Natural,prompt_31.txt,Python,PASS,Valid Python Syntax
Russian,Natural,prompt_32.txt,C-Style/Brace,PASS,Balanced Structure
Russian,Natural,prompt_33.txt,JavaScript,PASS,Balanced Structure
Russian,Natural,prompt_34.txt,Java,PASS,Balanced Structure
Russian,Natural,prompt_35.txt,JavaScript,PASS,Balanced Structure
Russian,Natural,prompt_36.txt,Python,PASS,Valid Python Syntax
Russian,Natural,prompt_37.txt,Java,PASS,Balanced Structure
Russian,Natural,prompt_38.txt,Java,PASS,Balanced Structure
Russian,Natural,prompt_39.txt,Python,PASS,Valid Python Syntax
Russian,Natural,prompt_40.txt,JavaScript,PASS,Balanced Structure
Russian,Natural,prompt_41.txt,Python,PASS,Valid Python Syntax
Russian,Natural,prompt_42.txt,JavaScript,PASS,Balanced Structure
Russian,Natural,prompt_43.txt,PHP,PASS,Balanced Structure
Russian,Natural,prompt_44.txt,Python,PASS,Valid Python Syntax
Russian,Natural,prompt_45.txt,C-Style/Brace,PASS,Balanced Structure
Russian,Natural,prompt_46.txt,Python,PASS,Valid Python Syntax
Russian,Natural,prompt_47.txt,C-Style/Brace,PASS,Balanced Structure
Russian,Natural,prompt_48.txt,C-Style/Brace,PASS,Balanced Structure
Russian,Natural,prompt_49.txt,Python,PASS,Valid Python Syntax
Russian,Natural,prompt_50.txt,JavaScript,PASS,Balanced Structure
Russian,Natural,prompt_51.txt,Python,PASS,Valid Python Syntax
Russian,Natural,prompt_52.txt,JavaScript,PASS,Balanced Structure
Russian,Natural,prompt_53.txt,JavaScript,PASS,Balanced Structure
Russian,Natural,prompt_54.txt,JavaScript,PASS,Balanced Structure
Russian,Natural,prompt_55.txt,Python,PASS,Valid Python Syntax
Russian,Natural,prompt_56.txt,JavaScript,PASS,Balanced Structure
Russian,Natural,prompt_57.txt,PHP,PASS,Balanced Structure
Russian,Natural,prompt_58.txt,JavaScript,PASS,Balanced Structure
Russian,Natural,prompt_59.txt,Python,PASS,Valid Python Syntax
Russian,Natural,prompt_60.txt,C-Style/Brace,PASS,Balanced Structure
Russian,Natural,prompt_61.txt,Python,PASS,Valid Python Syntax
Russian,Natural,prompt_62.txt,C-Style/Brace,PASS,Balanced Structure
Russian,Natural,prompt_63.txt,C-Style/Brace,PASS,Balanced Structure
Russian,Natural,prompt_64.txt,C-Style/Brace,PASS,Balanced Structure
Russian,Natural,prompt_65.txt,PHP,PASS,Balanced Structure
Russian,Natural,prompt_66.txt,C-Style/Brace,PASS,Balanced Structure
Russian,Natural,prompt_67.txt,Python,PASS,Valid Python Syntax
Russian,Natural,prompt_68.txt,JavaScript,PASS,Balanced Structure
Russian,Natural,prompt_69.txt,C-Style/Brace,PASS,Balanced Structure
Russian,Natural,prompt_70.txt,C-Style/Brace,PASS,Balanced Structure
Russian,Natural,prompt_71.txt,Python,PASS,Valid Python Syntax
Russian,Natural,prompt_72.txt,JavaScript,PASS,Balanced Structure
Russian,Natural,prompt_73.txt,C-Style/Brace,PASS,Balanced Structure
Russian,Natural,prompt_74.txt,JavaScript,PASS,Balanced Structure
Russian,Natural,prompt_75.txt,JavaScript,PASS,Balanced Structure
Russian,Natural,prompt_76.txt,Python,PASS,Valid Python Syntax
Russian,Natural,prompt_77.txt,C-Style/Brace,PASS,Balanced Structure
Russian,Natural,prompt_78.txt,C-Style/Brace,PASS,Balanced Structure
Russian,Natural,prompt_79.txt,Python,PASS,Valid Python Syntax
Russian,Natural,prompt_80.txt,Python,PASS,Valid Python Syntax
Russian,Natural,prompt_81.txt,Python,PASS,Valid Python Syntax
Russian,Natural,prompt_82.txt,C-Style/Brace,PASS,Balanced Structure
Russian,Natural,prompt_83.txt,C-Style/Brace,PASS,Balanced Structure
Russian,Natural,prompt_84.txt,Python,PASS,Valid Python Syntax
Russian,Natural,prompt_85.txt,JavaScript,PASS,Balanced Structure
Russian,Natural,prompt_86.txt,C-Style/Brace,PASS,Balanced Structure
Russian,Natural,prompt_87.txt,Python,PASS,Valid Python Syntax
Russian,Natural,prompt_88.txt,C-Style/Brace,PASS,Balanced Structure
Russian,Natural,prompt_89.txt,JavaScript,PASS,Balanced Structure
Russian,Natural,prompt_90.txt,Python,PASS,Valid Python Syntax
Russian,Natural,prompt_91.txt,Python,PASS,Valid Python Syntax
Russian,Natural,prompt_92.txt,C-Style/Brace,PASS,Balanced Structure
Russian,Natural,prompt_93.txt,C-Style/Brace,PASS,Balanced Structure
Russian,Natural,prompt_94.txt,C-Style/Brace,PASS,Balanced Structure
Russian,Natural,prompt_95.txt,Python,PASS,Valid Python Syntax
Russian,Natural,prompt_96.txt,C-Style/Brace,PASS,Balanced Structure
Russian,Natural,prompt_97.txt,JavaScript,PASS,Balanced Structure
Russian,Natural,prompt_98.txt,C-Style/Brace,PASS,Balanced Structure
Russian,Natural,prompt_99.txt,Python,PASS,Valid Python Syntax
Russian,Natural,prompt_100.txt,C-Style/Brace,PASS,Balanced Structure
Spanish,Literal,prompt_1.txt,Python,PASS,Valid Python Syntax
Spanish,Literal,prompt_2.txt,C-Style/Brace,PASS,Balanced Structure
Spanish,Literal,prompt_3.txt,PHP,PASS,Balanced Structure
Spanish,Literal,prompt_4.txt,C-Style/Brace,PASS,Balanced Structure
Spanish,Literal,prompt_5.txt,C-Style/Brace,PASS,Balanced Structure
Spanish,Literal,prompt_6.txt,Python,PASS,Valid Python Syntax
Spanish,Literal,prompt_7.txt,JavaScript,PASS,Balanced Structure
Spanish,Literal,prompt_8.txt,C-Style/Brace,PASS,Balanced Structure
Spanish,Literal,prompt_9.txt,Ruby,PASS,Valid Ruby blocks
Spanish,Literal,prompt_10.txt,C-Style/Brace,PASS,Balanced Structure
Spanish,Literal,prompt_11.txt,Python,PASS,Valid Python Syntax
Spanish,Literal,prompt_12.txt,C-Style/Brace,PASS,Balanced Structure
Spanish,Literal,prompt_13.txt,Unknown,FAIL,No recognizable code or logic patterns
Spanish,Literal,prompt_14.txt,Python,PASS,Valid Python Syntax
Spanish,Literal,prompt_15.txt,Unknown,FAIL,No recognizable code or logic patterns
Spanish,Literal,prompt_16.txt,C-Style/Brace,PASS,Balanced Structure
Spanish,Literal,prompt_17.txt,C-Style/Brace,PASS,Balanced Structure
Spanish,Literal,prompt_18.txt,C-Style/Brace,PASS,Balanced Structure
Spanish,Literal,prompt_19.txt,Python,PASS,Valid Python Syntax
Spanish,Literal,prompt_20.txt,C-Style/Brace,PASS,Balanced Structure
Spanish,Literal,prompt_21.txt,Python,PASS,Valid Python Syntax
Spanish,Literal,prompt_22.txt,C-Style/Brace,PASS,Balanced Structure
Spanish,Literal,prompt_23.txt,C-Style/Brace,PASS,Balanced Structure
Spanish,Literal,prompt_24.txt,JavaScript,PASS,Balanced Structure
Spanish,Literal,prompt_25.txt,Unknown,FAIL,No recognizable code or logic patterns
Spanish,Literal,prompt_26.txt,C-Style/Brace,PASS,Balanced Structure
Spanish,Literal,prompt_27.txt,Python,PASS,Valid Python Syntax
Spanish,Literal,prompt_28.txt,JavaScript,PASS,Balanced Structure
Spanish,Literal,prompt_29.txt,Unknown,FAIL,No recognizable code or logic patterns
Spanish,Literal,prompt_30.txt,C-Style/Brace,PASS,Balanced Structure
Spanish,Literal,prompt_31.txt,Python,PASS,Valid Python Syntax
Spanish,Literal,prompt_32.txt,C-Style/Brace,PASS,Balanced Structure
Spanish,Literal,prompt_33.txt,Java,PASS,Balanced Structure
Spanish,Literal,prompt_34.txt,Java,PASS,Balanced Structure
Spanish,Literal,prompt_35.txt,JavaScript,PASS,Balanced Structure
Spanish,Literal,prompt_36.txt,Python,PASS,Valid Python Syntax
Spanish,Literal,prompt_37.txt,Java,PASS,Balanced Structure
Spanish,Literal,prompt_38.txt,Java,PASS,Balanced Structure
Spanish,Literal,prompt_39.txt,Python,PASS,Valid Python Syntax
Spanish,Literal,prompt_40.txt,JavaScript,PASS,Balanced Structure
Spanish,Literal,prompt_41.txt,Python,PASS,Valid Python Syntax
Spanish,Literal,prompt_42.txt,JavaScript,PASS,Balanced Structure
Spanish,Literal,prompt_43.txt,PHP,PASS,Balanced Structure
Spanish,Literal,prompt_44.txt,Python,PASS,Valid Python Syntax
Spanish,Literal,prompt_45.txt,C-Style/Brace,PASS,Balanced Structure
Spanish,Literal,prompt_46.txt,Python,PASS,Valid Python Syntax
Spanish,Literal,prompt_47.txt,C-Style/Brace,PASS,Balanced Structure
Spanish,Literal,prompt_48.txt,C-Style/Brace,PASS,Balanced Structure
Spanish,Literal,prompt_49.txt,Python,PASS,Valid Python Syntax
Spanish,Literal,prompt_50.txt,JavaScript,PASS,Balanced Structure
Spanish,Literal,prompt_51.txt,Python,PASS,Valid Python Syntax
Spanish,Literal,prompt_52.txt,JavaScript,PASS,Balanced Structure
Spanish,Literal,prompt_53.txt,JavaScript,PASS,Balanced Structure
Spanish,Literal,prompt_54.txt,JavaScript,PASS,Balanced Structure
Spanish,Literal,prompt_55.txt,Python,PASS,Valid Python Syntax
Spanish,Literal,prompt_56.txt,JavaScript,PASS,Balanced Structure
Spanish,Literal,prompt_57.txt,PHP,PASS,Balanced Structure
Spanish,Literal,prompt_58.txt,JavaScript,PASS,Balanced Structure
Spanish,Literal,prompt_59.txt,Python,PASS,Valid Python Syntax
Spanish,Literal,prompt_60.txt,C-Style/Brace,PASS,Balanced Structure
Spanish,Literal,prompt_61.txt,Python,PASS,Valid Python Syntax
Spanish,Literal,prompt_62.txt,C-Style/Brace,PASS,Balanced Structure
Spanish,Literal,prompt_63.txt,C-Style/Brace,PASS,Balanced Structure
Spanish,Literal,prompt_64.txt,C-Style/Brace,PASS,Balanced Structure
Spanish,Literal,prompt_65.txt,PHP,PASS,Balanced Structure
Spanish,Literal,prompt_66.txt,C-Style/Brace,PASS,Balanced Structure
Spanish,Literal,prompt_67.txt,Python,PASS,Valid Python Syntax
Spanish,Literal,prompt_68.txt,JavaScript,PASS,Balanced Structure
Spanish,Literal,prompt_69.txt,Ruby,PASS,Valid Ruby blocks
Spanish,Literal,prompt_70.txt,C-Style/Brace,PASS,Balanced Structure
Spanish,Literal,prompt_71.txt,Python,PASS,Valid Python Syntax
Spanish,Literal,prompt_72.txt,JavaScript,PASS,Balanced Structure
Spanish,Literal,prompt_73.txt,C-Style/Brace,PASS,Balanced Structure
Spanish,Literal,prompt_74.txt,Generic Snippet,PASS,Validated via structural balance
Spanish,Literal,prompt_75.txt,JavaScript,PASS,Balanced Structure
Spanish,Literal,prompt_76.txt,Python,PASS,Valid Python Syntax
Spanish,Literal,prompt_77.txt,C-Style/Brace,PASS,Balanced Structure
Spanish,Literal,prompt_78.txt,C-Style/Brace,PASS,Balanced Structure
Spanish,Literal,prompt_79.txt,Python,PASS,Valid Python Syntax
Spanish,Literal,prompt_80.txt,Python,PASS,Valid Python Syntax
Spanish,Literal,prompt_81.txt,Python,PASS,Valid Python Syntax
Spanish,Literal,prompt_82.txt,C-Style/Brace,PASS,Balanced Structure
Spanish,Literal,prompt_83.txt,C-Style/Brace,PASS,Balanced Structure
Spanish,Literal,prompt_84.txt,Python,PASS,Valid Python Syntax
Spanish,Literal,prompt_85.txt,PHP,PASS,Balanced Structure
Spanish,Literal,prompt_86.txt,C-Style/Brace,PASS,Balanced Structure
Spanish,Literal,prompt_87.txt,Python,PASS,Valid Python Syntax
Spanish,Literal,prompt_88.txt,C-Style/Brace,PASS,Balanced Structure
Spanish,Literal,prompt_89.txt,JavaScript,PASS,Balanced Structure
Spanish,Literal,prompt_90.txt,Python,PASS,Valid Python Syntax
Spanish,Literal,prompt_91.txt,Python,PASS,Valid Python Syntax
Spanish,Literal,prompt_92.txt,C-Style/Brace,PASS,Balanced Structure
Spanish,Literal,prompt_93.txt,C-Style/Brace,PASS,Balanced Structure
Spanish,Literal,prompt_94.txt,C-Style/Brace,PASS,Balanced Structure
Spanish,Literal,prompt_95.txt,Python,PASS,Valid Python Syntax
Spanish,Literal,prompt_96.txt,C-Style/Brace,PASS,Balanced Structure
Spanish,Literal,prompt_97.txt,JavaScript,PASS,Balanced Structure
Spanish,Literal,prompt_98.txt,C-Style/Brace,PASS,Balanced Structure
Spanish,Literal,prompt_99.txt,Python,PASS,Valid Python Syntax
Spanish,Literal,prompt_100.txt,C-Style/Brace,PASS,Balanced Structure
Spanish,Natural,prompt_1.txt,Python,PASS,Valid Python Syntax
Spanish,Natural,prompt_2.txt,C-Style/Brace,PASS,Balanced Structure
Spanish,Natural,prompt_3.txt,PHP,PASS,Balanced Structure
Spanish,Natural,prompt_4.txt,C-Style/Brace,PASS,Balanced Structure
Spanish,Natural,prompt_5.txt,C-Style/Brace,PASS,Balanced Structure
Spanish,Natural,prompt_6.txt,Python,PASS,Valid Python Syntax
Spanish,Natural,prompt_7.txt,JavaScript,PASS,Balanced Structure
Spanish,Natural,prompt_8.txt,C-Style/Brace,PASS,Balanced Structure
Spanish,Natural,prompt_9.txt,Ruby,PASS,Valid Ruby blocks
Spanish,Natural,prompt_10.txt,C-Style/Brace,PASS,Balanced Structure
Spanish,Natural,prompt_11.txt,Python,PASS,Valid Python Syntax
Spanish,Natural,prompt_12.txt,C-Style/Brace,PASS,Balanced Structure
Spanish,Natural,prompt_13.txt,Unknown,FAIL,No recognizable code or logic patterns
Spanish,Natural,prompt_14.txt,Python,PASS,Valid Python Syntax
Spanish,Natural,prompt_15.txt,Unknown,FAIL,No recognizable code or logic patterns
Spanish,Natural,prompt_16.txt,C-Style/Brace,PASS,Balanced Structure
Spanish,Natural,prompt_17.txt,C-Style/Brace,PASS,Balanced Structure
Spanish,Natural,prompt_18.txt,C-Style/Brace,PASS,Balanced Structure
Spanish,Natural,prompt_19.txt,Python,PASS,Valid Python Syntax
Spanish,Natural,prompt_20.txt,C-Style/Brace,PASS,Balanced Structure
Spanish,Natural,prompt_21.txt,Python,PASS,Valid Python Syntax
Spanish,Natural,prompt_22.txt,C-Style/Brace,PASS,Balanced Structure
Spanish,Natural,prompt_23.txt,C-Style/Brace,PASS,Balanced Structure
Spanish,Natural,prompt_24.txt,JavaScript,PASS,Balanced Structure
Spanish,Natural,prompt_25.txt,Unknown,FAIL,No recognizable code or logic patterns
Spanish,Natural,prompt_26.txt,C-Style/Brace,PASS,Balanced Structure
Spanish,Natural,prompt_27.txt,Python,PASS,Valid Python Syntax
Spanish,Natural,prompt_28.txt,JavaScript,PASS,Balanced Structure
Spanish,Natural,prompt_29.txt,Generic Snippet,PASS,Validated via structural balance
Spanish,Natural,prompt_30.txt,C-Style/Brace,PASS,Balanced Structure
Spanish,Natural,prompt_31.txt,Python,PASS,Valid Python Syntax
Spanish,Natural,prompt_32.txt,C-Style/Brace,PASS,Balanced Structure
Spanish,Natural,prompt_33.txt,JavaScript,PASS,Balanced Structure
Spanish,Natural,prompt_34.txt,Java,PASS,Balanced Structure
Spanish,Natural,prompt_35.txt,JavaScript,PASS,Balanced Structure
Spanish,Natural,prompt_36.txt,Python,PASS,Valid Python Syntax
Spanish,Natural,prompt_37.txt,Java,PASS,Balanced Structure
Spanish,Natural,prompt_38.txt,Java,PASS,Balanced Structure
Spanish,Natural,prompt_39.txt,Python,PASS,Valid Python Syntax
Spanish,Natural,prompt_40.txt,JavaScript,PASS,Balanced Structure
Spanish,Natural,prompt_41.txt,Python,PASS,Valid Python Syntax
Spanish,Natural,prompt_42.txt,JavaScript,PASS,Balanced Structure
Spanish,Natural,prompt_43.txt,PHP,PASS,Balanced Structure
Spanish,Natural,prompt_44.txt,Python,PASS,Valid Python Syntax
Spanish,Natural,prompt_45.txt,C-Style/Brace,PASS,Balanced Structure
Spanish,Natural,prompt_46.txt,Python,PASS,Valid Python Syntax
Spanish,Natural,prompt_47.txt,C-Style/Brace,PASS,Balanced Structure
Spanish,Natural,prompt_48.txt,C-Style/Brace,PASS,Balanced Structure
Spanish,Natural,prompt_49.txt,Python,PASS,Valid Python Syntax
Spanish,Natural,prompt_50.txt,JavaScript,PASS,Balanced Structure
Spanish,Natural,prompt_51.txt,Python,PASS,Valid Python Syntax
Spanish,Natural,prompt_52.txt,JavaScript,PASS,Balanced Structure
Spanish,Natural,prompt_53.txt,JavaScript,PASS,Balanced Structure
Spanish,Natural,prompt_54.txt,JavaScript,PASS,Balanced Structure
Spanish,Natural,prompt_55.txt,Python,PASS,Valid Python Syntax
Spanish,Natural,prompt_56.txt,JavaScript,PASS,Balanced Structure
Spanish,Natural,prompt_57.txt,PHP,PASS,Balanced Structure
Spanish,Natural,prompt_58.txt,JavaScript,PASS,Balanced Structure
Spanish,Natural,prompt_59.txt,Python,PASS,Valid Python Syntax
Spanish,Natural,prompt_60.txt,C-Style/Brace,PASS,Balanced Structure
Spanish,Natural,prompt_61.txt,Python,PASS,Valid Python Syntax
Spanish,Natural,prompt_62.txt,C-Style/Brace,PASS,Balanced Structure
Spanish,Natural,prompt_63.txt,C-Style/Brace,PASS,Balanced Structure
Spanish,Natural,prompt_64.txt,C-Style/Brace,PASS,Balanced Structure
Spanish,Natural,prompt_65.txt,PHP,PASS,Balanced Structure
Spanish,Natural,prompt_66.txt,C-Style/Brace,PASS,Balanced Structure
Spanish,Natural,prompt_67.txt,Python,PASS,Valid Python Syntax
Spanish,Natural,prompt_68.txt,JavaScript,PASS,Balanced Structure
Spanish,Natural,prompt_69.txt,C-Style/Brace,PASS,Balanced Structure
Spanish,Natural,prompt_70.txt,C-Style/Brace,PASS,Balanced Structure
Spanish,Natural,prompt_71.txt,Python,PASS,Valid Python Syntax
Spanish,Natural,prompt_72.txt,JavaScript,PASS,Balanced Structure
Spanish,Natural,prompt_73.txt,C-Style/Brace,PASS,Balanced Structure
Spanish,Natural,prompt_74.txt,JavaScript,PASS,Balanced Structure
Spanish,Natural,prompt_75.txt,JavaScript,PASS,Balanced Structure
Spanish,Natural,prompt_76.txt,Python,PASS,Valid Python Syntax
Spanish,Natural,prompt_77.txt,C-Style/Brace,PASS,Balanced Structure
Spanish,Natural,prompt_78.txt,C-Style/Brace,PASS,Balanced Structure
Spanish,Natural,prompt_79.txt,Python,PASS,Valid Python Syntax
Spanish,Natural,prompt_80.txt,Python,PASS,Valid Python Syntax
Spanish,Natural,prompt_81.txt,Python,PASS,Valid Python Syntax
Spanish,Natural,prompt_82.txt,C-Style/Brace,PASS,Balanced Structure
Spanish,Natural,prompt_83.txt,C-Style/Brace,PASS,Balanced Structure
Spanish,Natural,prompt_84.txt,Python,PASS,Valid Python Syntax
Spanish,Natural,prompt_85.txt,JavaScript,PASS,Balanced Structure
Spanish,Natural,prompt_86.txt,C-Style/Brace,PASS,Balanced Structure
Spanish,Natural,prompt_87.txt,Python,PASS,Valid Python Syntax
Spanish,Natural,prompt_88.txt,C-Style/Brace,PASS,Balanced Structure
Spanish,Natural,prompt_89.txt,JavaScript,PASS,Balanced Structure
Spanish,Natural,prompt_90.txt,Python,PASS,Valid Python Syntax
Spanish,Natural,prompt_91.txt,Python,PASS,Valid Python Syntax
Spanish,Natural,prompt_92.txt,C-Style/Brace,PASS,Balanced Structure
Spanish,Natural,prompt_93.txt,C-Style/Brace,PASS,Balanced Structure
Spanish,Natural,prompt_94.txt,C-Style/Brace,PASS,Balanced Structure
Spanish,Natural,prompt_95.txt,Python,PASS,Valid Python Syntax
Spanish,Natural,prompt_96.txt,C-Style/Brace,PASS,Balanced Structure
Spanish,Natural,prompt_97.txt,JavaScript,PASS,Balanced Structure
Spanish,Natural,prompt_98.txt,C-Style/Brace,PASS,Balanced Structure
Spanish,Natural,prompt_99.txt,Python,PASS,Valid Python Syntax
Spanish,Natural,prompt_100.txt,JavaScript,PASS,Balanced Structure