Image_Id,Image_Type,Is_Compressed,Compression_Quality,Detector_Name,Detector_Prediction,Is_Prediction_Correct
1.jpeg,Real,No,30,FaceOnLive,Real,Yes
1.jpeg,Real,No,30,BrandWell,Real,Yes
1.jpeg,Real,No,30,DFDetect,Real,Yes
C1-1.jpeg,Real,Yes,20,FaceOnLive,Real,Yes
C1-1.jpeg,Real,Yes,20,BrandWell,Real,Yes
C1-1.jpeg,Real,Yes,20,DFDetect,Real,Yes
C2-1.jpeg,Real,Yes,10,FaceOnLive,Uncertain,No
C2-1.jpeg,Real,Yes,10,BrandWell,Real,Yes
C2-1.jpeg,Real,Yes,10,DFDetect,Real,Yes
C3-1.jpeg,Real,Yes,1,FaceOnLive,Uncertain,No
C3-1.jpeg,Real,Yes,1,BrandWell,Real,Yes
C3-1.jpeg,Real,Yes,1,DFDetect,Uncertain,No
2.jpeg,Real,No,30,FaceOnLive,Real,Yes
2.jpeg,Real,No,30,BrandWell,Fake,No
2.jpeg,Real,No,30,DFDetect,Real,Yes
C1-2.jpeg,Real,Yes,20,FaceOnLive,Real,Yes
C1-2.jpeg,Real,Yes,20,BrandWell,Real,Yes
C1-2.jpeg,Real,Yes,20,DFDetect,Real,Yes
C2-2.jpeg,Real,Yes,10,FaceOnLive,Real,Yes
C2-2.jpeg,Real,Yes,10,BrandWell,Real,Yes
C2-2.jpeg,Real,Yes,10,DFDetect,Fake,No
C3-2.jpeg,Real,Yes,1,FaceOnLive,Real,Yes
C3-2.jpeg,Real,Yes,1,BrandWell,Real,Yes
C3-2.jpeg,Real,Yes,1,DFDetect,Uncertain,No
3.jpeg,Real,No,30,FaceOnLive,Real,Yes
3.jpeg,Real,No,30,BrandWell,Real,Yes
3.jpeg,Real,No,30,DFDetect,Real,Yes
C1-3.jpeg,Real,Yes,20,FaceOnLive,Real,Yes
C1-3.jpeg,Real,Yes,20,BrandWell,Real,Yes
C1-3.jpeg,Real,Yes,20,DFDetect,Real,Yes
C2-3.jpeg,Real,Yes,10,FaceOnLive,Real,Yes
C2-3.jpeg,Real,Yes,10,BrandWell,Real,Yes
C2-3.jpeg,Real,Yes,10,DFDetect,Real,Yes
C3-3.jpeg,Real,Yes,1,FaceOnLive,Real,Yes
C3-3.jpeg,Real,Yes,1,BrandWell,Real,Yes
C3-3.jpeg,Real,Yes,1,DFDetect,Uncertain,No
4.jpeg,Real,No,30,FaceOnLive,Real,Yes
4.jpeg,Real,No,30,BrandWell,Real,Yes
4.jpeg,Real,No,30,DFDetect,Fake,No
C1-4.jpeg,Real,Yes,20,FaceOnLive,Real,Yes
C1-4.jpeg,Real,Yes,20,BrandWell,Real,Yes
C1-4.jpeg,Real,Yes,20,DFDetect,Fake,No
C2-4.jpeg,Real,Yes,10,FaceOnLive,Real,Yes
C2-4.jpeg,Real,Yes,10,BrandWell,Real,Yes
C2-4.jpeg,Real,Yes,10,DFDetect,Fake,No
C3-4.jpeg,Real,Yes,1,FaceOnLive,Uncertain,No
C3-4.jpeg,Real,Yes,1,BrandWell,Real,Yes
C3-4.jpeg,Real,Yes,1,DFDetect,Fake,No
5.jpeg,Real,No,30,FaceOnLive,Real,Yes
5.jpeg,Real,No,30,BrandWell,Fake,No
5.jpeg,Real,No,30,DFDetect,Real,Yes
C1-5.jpeg,Real,Yes,20,FaceOnLive,Real,Yes
C1-5.jpeg,Real,Yes,20,BrandWell,Fake,No
C1-5.jpeg,Real,Yes,20,DFDetect,Fake,No
C2-5.jpeg,Real,Yes,10,FaceOnLive,Fake,No
C2-5.jpeg,Real,Yes,10,BrandWell,Fake,No
C2-5.jpeg,Real,Yes,10,DFDetect,Fake,No
C3-5.jpeg,Real,Yes,1,FaceOnLive,Real,Yes
C3-5.jpeg,Real,Yes,1,BrandWell,Fake,No
C3-5.jpeg,Real,Yes,1,DFDetect,Fake,No
6.jpeg,Real,No,30,FaceOnLive,Real,Yes
6.jpeg,Real,No,30,BrandWell,Real,Yes
6.jpeg,Real,No,30,DFDetect,Fake,No
C1-6.jpeg,Real,Yes,20,FaceOnLive,Real,Yes
C1-6.jpeg,Real,Yes,20,BrandWell,Real,Yes
C1-6.jpeg,Real,Yes,20,DFDetect,Fake,No
C2-6.jpeg,Real,Yes,10,FaceOnLive,Real,Yes
C2-6.jpeg,Real,Yes,10,BrandWell,Real,Yes
C2-6.jpeg,Real,Yes,10,DFDetect,Fake,No
C3-6.jpeg,Real,Yes,1,FaceOnLive,Real,Yes
C3-6.jpeg,Real,Yes,1,BrandWell,Real,Yes
C3-6.jpeg,Real,Yes,1,DFDetect,Fake,No
7.jpeg,Real,No,30,FaceOnLive,Real,Yes
7.jpeg,Real,No,30,BrandWell,Real,Yes
7.jpeg,Real,No,30,DFDetect,Real,Yes
C1-7.jpeg,Real,Yes,20,FaceOnLive,Real,Yes
C1-7.jpeg,Real,Yes,20,BrandWell,Real,Yes
C1-7.jpeg,Real,Yes,20,DFDetect,Real,Yes
C2-7.jpeg,Real,Yes,10,FaceOnLive,Real,Yes
C2-7.jpeg,Real,Yes,10,BrandWell,Real,Yes
C2-7.jpeg,Real,Yes,10,DFDetect,Real,Yes
C3-7.jpeg,Real,Yes,1,FaceOnLive,Fake,No
C3-7.jpeg,Real,Yes,1,BrandWell,Real,Yes
C3-7.jpeg,Real,Yes,1,DFDetect,Uncertain,No
8.jpeg,Real,No,30,FaceOnLive,Real,Yes
8.jpeg,Real,No,30,BrandWell,Fake,No
8.jpeg,Real,No,30,DFDetect,Real,Yes
C1-8.jpeg,Real,Yes,20,FaceOnLive,Real,Yes
C1-8.jpeg,Real,Yes,20,BrandWell,Fake,No
C1-8.jpeg,Real,Yes,20,DFDetect,Real,Yes
C2-8.jpeg,Real,Yes,10,FaceOnLive,Real,Yes
C2-8.jpeg,Real,Yes,10,BrandWell,Fake,No
C2-8.jpeg,Real,Yes,10,DFDetect,Fake,No
C3-8.jpeg,Real,Yes,1,FaceOnLive,Uncertain,No
C3-8.jpeg,Real,Yes,1,BrandWell,Real,Yes
C3-8.jpeg,Real,Yes,1,DFDetect,Fake,No
9.jpeg,Real,No,30,FaceOnLive,Uncertain,No
9.jpeg,Real,No,30,BrandWell,Fake,No
9.jpeg,Real,No,30,DFDetect,Real,Yes
C1-9.jpeg,Real,Yes,20,FaceOnLive,Real,Yes
C1-9.jpeg,Real,Yes,20,BrandWell,Real,Yes
C1-9.jpeg,Real,Yes,20,DFDetect,Real,Yes
C2-9.jpeg,Real,Yes,10,FaceOnLive,Real,Yes
C2-9.jpeg,Real,Yes,10,BrandWell,Real,Yes
C2-9.jpeg,Real,Yes,10,DFDetect,Real,Yes
C3-9.jpeg,Real,Yes,1,FaceOnLive,Uncertain,No
C3-9.jpeg,Real,Yes,1,BrandWell,Real,Yes
C3-9.jpeg,Real,Yes,1,DFDetect,Uncertain,No
10.jpeg,Real,No,30,FaceOnLive,Uncertain,No
10.jpeg,Real,No,30,BrandWell,Fake,No
10.jpeg,Real,No,30,DFDetect,Real,Yes
C1-10.jpeg,Real,Yes,20,FaceOnLive,Real,Yes
C1-10.jpeg,Real,Yes,20,BrandWell,Real,Yes
C1-10.jpeg,Real,Yes,20,DFDetect,Real,Yes
C2-10.jpeg,Real,Yes,10,FaceOnLive,Real,Yes
C2-10.jpeg,Real,Yes,10,BrandWell,Real,Yes
C2-10.jpeg,Real,Yes,10,DFDetect,Fake,No
C3-10.jpeg,Real,Yes,1,FaceOnLive,Real,Yes
C3-10.jpeg,Real,Yes,1,BrandWell,Real,Yes
C3-10.jpeg,Real,Yes,1,DFDetect,Fake,No
11.jpeg,Real,No,30,FaceOnLive,Real,Yes
11.jpeg,Real,No,30,BrandWell,Real,Yes
11.jpeg,Real,No,30,DFDetect,Real,Yes
C1-11.jpeg,Real,Yes,20,FaceOnLive,Real,Yes
C1-11.jpeg,Real,Yes,20,BrandWell,Real,Yes
C1-11.jpeg,Real,Yes,20,DFDetect,Real,Yes
C2-11.jpeg,Real,Yes,10,FaceOnLive,Real,Yes
C2-11.jpeg,Real,Yes,10,BrandWell,Real,Yes
C2-11.jpeg,Real,Yes,10,DFDetect,Real,Yes
C3-11.jpeg,Real,Yes,1,FaceOnLive,Real,Yes
C3-11.jpeg,Real,Yes,1,BrandWell,Real,Yes
C3-11.jpeg,Real,Yes,1,DFDetect,Uncertain,No
12.jpeg,Real,No,30,FaceOnLive,Real,Yes
12.jpeg,Real,No,30,BrandWell,Fake,No
12.jpeg,Real,No,30,DFDetect,Real,Yes
C1-12.jpeg,Real,Yes,20,FaceOnLive,Real,Yes
C1-12.jpeg,Real,Yes,20,BrandWell,Fake,No
C1-12.jpeg,Real,Yes,20,DFDetect,Real,Yes
C2-12.jpeg,Real,Yes,10,FaceOnLive,Fake,No
C2-12.jpeg,Real,Yes,10,BrandWell,Real,Yes
C2-12.jpeg,Real,Yes,10,DFDetect,Real,Yes
C3-12.jpeg,Real,Yes,1,FaceOnLive,Real,Yes
C3-12.jpeg,Real,Yes,1,BrandWell,Real,Yes
C3-12.jpeg,Real,Yes,1,DFDetect,Uncertain,No
13.jpeg,Real,No,30,FaceOnLive,Real,Yes
13.jpeg,Real,No,30,BrandWell,Fake,No
13.jpeg,Real,No,30,DFDetect,Fake,No
C1-13.jpeg,Real,Yes,20,FaceOnLive,Real,Yes
C1-13.jpeg,Real,Yes,20,BrandWell,Real,Yes
C1-13.jpeg,Real,Yes,20,DFDetect,Fake,No
C2-13.jpeg,Real,Yes,10,FaceOnLive,Real,Yes
C2-13.jpeg,Real,Yes,10,BrandWell,Real,Yes
C2-13.jpeg,Real,Yes,10,DFDetect,Real,Yes
C3-13.jpeg,Real,Yes,1,FaceOnLive,Real,Yes
C3-13.jpeg,Real,Yes,1,BrandWell,Real,Yes
C3-13.jpeg,Real,Yes,1,DFDetect,Uncertain,No
14.jpeg,Real,No,30,FaceOnLive,Real,Yes
14.jpeg,Real,No,30,BrandWell,Fake,No
14.jpeg,Real,No,30,DFDetect,Real,Yes
C1-14.jpeg,Real,Yes,20,FaceOnLive,Real,Yes
C1-14.jpeg,Real,Yes,20,BrandWell,Fake,No
C1-14.jpeg,Real,Yes,20,DFDetect,Real,Yes
C2-14.jpeg,Real,Yes,10,FaceOnLive,Real,Yes
C2-14.jpeg,Real,Yes,10,BrandWell,Fake,No
C2-14.jpeg,Real,Yes,10,DFDetect,Real,Yes
C3-14.jpeg,Real,Yes,1,FaceOnLive,Real,Yes
C3-14.jpeg,Real,Yes,1,BrandWell,Fake,No
C3-14.jpeg,Real,Yes,1,DFDetect,Fake,No
15.jpeg,Real,No,30,FaceOnLive,Real,Yes
15.jpeg,Real,No,30,BrandWell,Real,Yes
15.jpeg,Real,No,30,DFDetect,Real,Yes
C1-15.jpeg,Real,Yes,20,FaceOnLive,Real,Yes
C1-15.jpeg,Real,Yes,20,BrandWell,Real,Yes
C1-15.jpeg,Real,Yes,20,DFDetect,Fake,No
C2-15.jpeg,Real,Yes,10,FaceOnLive,Real,Yes
C2-15.jpeg,Real,Yes,10,BrandWell,Real,Yes
C2-15.jpeg,Real,Yes,10,DFDetect,Fake,No
C3-15.jpeg,Real,Yes,1,FaceOnLive,Uncertain,No
C3-15.jpeg,Real,Yes,1,BrandWell,Real,Yes
C3-15.jpeg,Real,Yes,1,DFDetect,Fake,No
16.jpeg,Real,No,30,FaceOnLive,Real,Yes
16.jpeg,Real,No,30,BrandWell,Real,Yes
16.jpeg,Real,No,30,DFDetect,Real,Yes
C1-16.jpeg,Real,Yes,20,FaceOnLive,Real,Yes
C1-16.jpeg,Real,Yes,20,BrandWell,Real,Yes
C1-16.jpeg,Real,Yes,20,DFDetect,Fake,No
C2-16.jpeg,Real,Yes,10,FaceOnLive,Real,Yes
C2-16.jpeg,Real,Yes,10,BrandWell,Real,Yes
C2-16.jpeg,Real,Yes,10,DFDetect,Fake,No
C3-16.jpeg,Real,Yes,1,FaceOnLive,Real,Yes
C3-16.jpeg,Real,Yes,1,BrandWell,Real,Yes
C3-16.jpeg,Real,Yes,1,DFDetect,Uncertain,No
17.jpeg,Real,No,30,FaceOnLive,Real,Yes
17.jpeg,Real,No,30,BrandWell,Fake,No
17.jpeg,Real,No,30,DFDetect,Fake,No
C1-17.jpeg,Real,Yes,20,FaceOnLive,Real,Yes
C1-17.jpeg,Real,Yes,20,BrandWell,Fake,No
C1-17.jpeg,Real,Yes,20,DFDetect,Fake,No
C2-17.jpeg,Real,Yes,10,FaceOnLive,Fake,No
C2-17.jpeg,Real,Yes,10,BrandWell,Fake,No
C2-17.jpeg,Real,Yes,10,DFDetect,Fake,No
C3-17.jpeg,Real,Yes,1,FaceOnLive,Real,Yes
C3-17.jpeg,Real,Yes,1,BrandWell,Real,Yes
C3-17.jpeg,Real,Yes,1,DFDetect,Fake,No
18.jpeg,Real,No,30,FaceOnLive,Real,Yes
18.jpeg,Real,No,30,BrandWell,Uncertain,No
18.jpeg,Real,No,30,DFDetect,Real,Yes
C1-18.jpeg,Real,Yes,20,FaceOnLive,Real,Yes
C1-18.jpeg,Real,Yes,20,BrandWell,Real,Yes
C1-18.jpeg,Real,Yes,20,DFDetect,Real,Yes
C2-18.jpeg,Real,Yes,10,FaceOnLive,Real,Yes
C2-18.jpeg,Real,Yes,10,BrandWell,Real,Yes
C2-18.jpeg,Real,Yes,10,DFDetect,Real,Yes
C3-18.jpeg,Real,Yes,1,FaceOnLive,Real,Yes
C3-18.jpeg,Real,Yes,1,BrandWell,Real,Yes
C3-18.jpeg,Real,Yes,1,DFDetect,Real,Yes
19.jpeg,Real,No,30,FaceOnLive,Real,Yes
19.jpeg,Real,No,30,BrandWell,Real,Yes
19.jpeg,Real,No,30,DFDetect,Real,Yes
C1-19.jpeg,Real,Yes,20,FaceOnLive,Real,Yes
C1-19.jpeg,Real,Yes,20,BrandWell,Real,Yes
C1-19.jpeg,Real,Yes,20,DFDetect,Fake,No
C2-19.jpeg,Real,Yes,10,FaceOnLive,Real,Yes
C2-19.jpeg,Real,Yes,10,BrandWell,Real,Yes
C2-19.jpeg,Real,Yes,10,DFDetect,Fake,No
C3-19.jpeg,Real,Yes,1,FaceOnLive,Real,Yes
C3-19.jpeg,Real,Yes,1,BrandWell,Real,Yes
C3-19.jpeg,Real,Yes,1,DFDetect,Uncertain,No
20.jpeg,Real,No,30,FaceOnLive,Real,Yes
20.jpeg,Real,No,30,BrandWell,Fake,No
20.jpeg,Real,No,30,DFDetect,Real,Yes
C1-20.jpeg,Real,Yes,20,FaceOnLive,Real,Yes
C1-20.jpeg,Real,Yes,20,BrandWell,Fake,No
C1-20.jpeg,Real,Yes,20,DFDetect,Fake,No
C2-20.jpeg,Real,Yes,10,FaceOnLive,Real,Yes
C2-20.jpeg,Real,Yes,10,BrandWell,Fake,No
C2-20.jpeg,Real,Yes,10,DFDetect,Fake,No
C3-20.jpeg,Real,Yes,1,FaceOnLive,Real,Yes
C3-20.jpeg,Real,Yes,1,BrandWell,Uncertain,No
C3-20.jpeg,Real,Yes,1,DFDetect,Uncertain,No
21.jpeg,Real,No,30,FaceOnLive,Real,Yes
21.jpeg,Real,No,30,BrandWell,Real,Yes
21.jpeg,Real,No,30,DFDetect,Uncertain,No
C1-21.jpeg,Real,Yes,20,FaceOnLive,Real,Yes
C1-21.jpeg,Real,Yes,20,BrandWell,Real,Yes
C1-21.jpeg,Real,Yes,20,DFDetect,Uncertain,No
C2-21.jpeg,Real,Yes,10,FaceOnLive,Real,Yes
C2-21.jpeg,Real,Yes,10,BrandWell,Real,Yes
C2-21.jpeg,Real,Yes,10,DFDetect,Uncertain,No
C3-21.jpeg,Real,Yes,1,FaceOnLive,Real,Yes
C3-21.jpeg,Real,Yes,1,BrandWell,Real,Yes
C3-21.jpeg,Real,Yes,1,DFDetect,Uncertain,No
22.jpeg,Real,No,30,FaceOnLive,Real,Yes
22.jpeg,Real,No,30,BrandWell,Real,Yes
22.jpeg,Real,No,30,DFDetect,Real,Yes
C1-22.jpeg,Real,Yes,20,FaceOnLive,Real,Yes
C1-22.jpeg,Real,Yes,20,BrandWell,Real,Yes
C1-22.jpeg,Real,Yes,20,DFDetect,Fake,No
C2-22.jpeg,Real,Yes,10,FaceOnLive,Real,Yes
C2-22.jpeg,Real,Yes,10,BrandWell,Real,Yes
C2-22.jpeg,Real,Yes,10,DFDetect,Real,Yes
C3-22.jpeg,Real,Yes,1,FaceOnLive,Uncertain,No
C3-22.jpeg,Real,Yes,1,BrandWell,Real,Yes
C3-22.jpeg,Real,Yes,1,DFDetect,Real,Yes
23.jpeg,Real,No,30,FaceOnLive,Real,Yes
23.jpeg,Real,No,30,BrandWell,Fake,No
23.jpeg,Real,No,30,DFDetect,Real,Yes
C1-23.jpeg,Real,Yes,20,FaceOnLive,Fake,No
C1-23.jpeg,Real,Yes,20,BrandWell,Real,Yes
C1-23.jpeg,Real,Yes,20,DFDetect,Real,Yes
C2-23.jpeg,Real,Yes,10,FaceOnLive,Real,Yes
C2-23.jpeg,Real,Yes,10,BrandWell,Real,Yes
C2-23.jpeg,Real,Yes,10,DFDetect,Fake,No
C3-23.jpeg,Real,Yes,1,FaceOnLive,Real,Yes
C3-23.jpeg,Real,Yes,1,BrandWell,Real,Yes
C3-23.jpeg,Real,Yes,1,DFDetect,Uncertain,No
24.jpeg,Real,No,30,FaceOnLive,Real,Yes
24.jpeg,Real,No,30,BrandWell,Real,Yes
24.jpeg,Real,No,30,DFDetect,Real,Yes
C1-24.jpeg,Real,Yes,20,FaceOnLive,Real,Yes
C1-24.jpeg,Real,Yes,20,BrandWell,Real,Yes
C1-24.jpeg,Real,Yes,20,DFDetect,Real,Yes
C2-24.jpeg,Real,Yes,10,FaceOnLive,Real,Yes
C2-24.jpeg,Real,Yes,10,BrandWell,Real,Yes
C2-24.jpeg,Real,Yes,10,DFDetect,Real,Yes
C3-24.jpeg,Real,Yes,1,FaceOnLive,Real,Yes
C3-24.jpeg,Real,Yes,1,BrandWell,Real,Yes
C3-24.jpeg,Real,Yes,1,DFDetect,Uncertain,No
25.jpeg,Real,No,30,FaceOnLive,Real,Yes
25.jpeg,Real,No,30,BrandWell,Real,Yes
25.jpeg,Real,No,30,DFDetect,Real,Yes
C1-25.jpeg,Real,Yes,20,FaceOnLive,Real,Yes
C1-25.jpeg,Real,Yes,20,BrandWell,Real,Yes
C1-25.jpeg,Real,Yes,20,DFDetect,Real,Yes
C2-25.jpeg,Real,Yes,10,FaceOnLive,Real,Yes
C2-25.jpeg,Real,Yes,10,BrandWell,Real,Yes
C2-25.jpeg,Real,Yes,10,DFDetect,Real,Yes
C3-25.jpeg,Real,Yes,1,FaceOnLive,Real,Yes
C3-25.jpeg,Real,Yes,1,BrandWell,Real,Yes
C3-25.jpeg,Real,Yes,1,DFDetect,Uncertain,No
26.jpeg,Real,No,30,FaceOnLive,Real,Yes
26.jpeg,Real,No,30,BrandWell,Fake,No
26.jpeg,Real,No,30,DFDetect,Real,Yes
C1-26.jpeg,Real,Yes,20,FaceOnLive,Real,Yes
C1-26.jpeg,Real,Yes,20,BrandWell,Fake,No
C1-26.jpeg,Real,Yes,20,DFDetect,Real,Yes
C2-26.jpeg,Real,Yes,10,FaceOnLive,Real,Yes
C2-26.jpeg,Real,Yes,10,BrandWell,Real,Yes
C2-26.jpeg,Real,Yes,10,DFDetect,Real,Yes
C3-26.jpeg,Real,Yes,1,FaceOnLive,Real,Yes
C3-26.jpeg,Real,Yes,1,BrandWell,Real,Yes
C3-26.jpeg,Real,Yes,1,DFDetect,Fake,No
27.jpeg,Real,No,30,FaceOnLive,Real,Yes
27.jpeg,Real,No,30,BrandWell,Fake,No
27.jpeg,Real,No,30,DFDetect,Real,Yes
C1-27.jpeg,Real,Yes,20,FaceOnLive,Real,Yes
C1-27.jpeg,Real,Yes,20,BrandWell,Fake,No
C1-27.jpeg,Real,Yes,20,DFDetect,Real,Yes
C2-27.jpeg,Real,Yes,10,FaceOnLive,Real,Yes
C2-27.jpeg,Real,Yes,10,BrandWell,Real,Yes
C2-27.jpeg,Real,Yes,10,DFDetect,Fake,No
C3-27.jpeg,Real,Yes,1,FaceOnLive,Real,Yes
C3-27.jpeg,Real,Yes,1,BrandWell,Fake,No
C3-27.jpeg,Real,Yes,1,DFDetect,Fake,No
28.jpeg,Real,No,30,FaceOnLive,Real,Yes
28.jpeg,Real,No,30,BrandWell,Real,Yes
28.jpeg,Real,No,30,DFDetect,Real,Yes
C1-28.jpeg,Real,Yes,20,FaceOnLive,Real,Yes
C1-28.jpeg,Real,Yes,20,BrandWell,Real,Yes
C1-28.jpeg,Real,Yes,20,DFDetect,Fake,No
C2-28.jpeg,Real,Yes,10,FaceOnLive,Real,Yes
C2-28.jpeg,Real,Yes,10,BrandWell,Real,Yes
C2-28.jpeg,Real,Yes,10,DFDetect,Fake,No
C3-28.jpeg,Real,Yes,1,FaceOnLive,Real,Yes
C3-28.jpeg,Real,Yes,1,BrandWell,Real,Yes
C3-28.jpeg,Real,Yes,1,DFDetect,Fake,No
29.jpeg,Real,No,30,FaceOnLive,Real,Yes
29.jpeg,Real,No,30,BrandWell,Fake,No
29.jpeg,Real,No,30,DFDetect,Real,Yes
C1-29.jpeg,Real,Yes,20,FaceOnLive,Real,Yes
C1-29.jpeg,Real,Yes,20,BrandWell,Real,Yes
C1-29.jpeg,Real,Yes,20,DFDetect,Real,Yes
C2-29.jpeg,Real,Yes,10,FaceOnLive,Real,Yes
C2-29.jpeg,Real,Yes,10,BrandWell,Real,Yes
C2-29.jpeg,Real,Yes,10,DFDetect,Real,Yes
C3-29.jpeg,Real,Yes,1,FaceOnLive,Real,Yes
C3-29.jpeg,Real,Yes,1,BrandWell,Real,Yes
C3-29.jpeg,Real,Yes,1,DFDetect,Uncertain,No
30.jpeg,Real,No,30,FaceOnLive,Real,Yes
30.jpeg,Real,No,30,BrandWell,Real,Yes
30.jpeg,Real,No,30,DFDetect,Fake,No
C1-30.jpeg,Real,Yes,20,FaceOnLive,Real,Yes
C1-30.jpeg,Real,Yes,20,BrandWell,Real,Yes
C1-30.jpeg,Real,Yes,20,DFDetect,Fake,No
C2-30.jpeg,Real,Yes,10,FaceOnLive,Real,Yes
C2-30.jpeg,Real,Yes,10,BrandWell,Real,Yes
C2-30.jpeg,Real,Yes,10,DFDetect,Real,Yes
C3-30.jpeg,Real,Yes,1,FaceOnLive,Uncertain,No
C3-30.jpeg,Real,Yes,1,BrandWell,Real,Yes
C3-30.jpeg,Real,Yes,1,DFDetect,Uncertain,No
31.jpeg,Real,No,30,FaceOnLive,Real,Yes
31.jpeg,Real,No,30,BrandWell,Real,Yes
31.jpeg,Real,No,30,DFDetect,Real,Yes
C1-31.jpeg,Real,Yes,20,FaceOnLive,Real,Yes
C1-31.jpeg,Real,Yes,20,BrandWell,Real,Yes
C1-31.jpeg,Real,Yes,20,DFDetect,Fake,No
C2-31.jpeg,Real,Yes,10,FaceOnLive,Real,Yes
C2-31.jpeg,Real,Yes,10,BrandWell,Real,Yes
C2-31.jpeg,Real,Yes,10,DFDetect,Fake,No
C3-31.jpeg,Real,Yes,1,FaceOnLive,Real,Yes
C3-31.jpeg,Real,Yes,1,BrandWell,Real,Yes
C3-31.jpeg,Real,Yes,1,DFDetect,Real,Yes
32.jpeg,Real,No,30,FaceOnLive,Real,Yes
32.jpeg,Real,No,30,BrandWell,Fake,No
32.jpeg,Real,No,30,DFDetect,Real,Yes
C1-32.jpeg,Real,Yes,20,FaceOnLive,Real,Yes
C1-32.jpeg,Real,Yes,20,BrandWell,Fake,No
C1-32.jpeg,Real,Yes,20,DFDetect,Real,Yes
C2-32.jpeg,Real,Yes,10,FaceOnLive,Real,Yes
C2-32.jpeg,Real,Yes,10,BrandWell,Real,Yes
C2-32.jpeg,Real,Yes,10,DFDetect,Real,Yes
C3-32.jpeg,Real,Yes,1,FaceOnLive,Real,Yes
C3-32.jpeg,Real,Yes,1,BrandWell,Real,Yes
C3-32.jpeg,Real,Yes,1,DFDetect,Uncertain,No
33.jpeg,Real,No,30,FaceOnLive,Real,Yes
33.jpeg,Real,No,30,BrandWell,Real,Yes
33.jpeg,Real,No,30,DFDetect,Real,Yes
C1-33.jpeg,Real,Yes,20,FaceOnLive,Real,Yes
C1-33.jpeg,Real,Yes,20,BrandWell,Real,Yes
C1-33.jpeg,Real,Yes,20,DFDetect,Real,Yes
C2-33.jpeg,Real,Yes,10,FaceOnLive,Real,Yes
C2-33.jpeg,Real,Yes,10,BrandWell,Real,Yes
C2-33.jpeg,Real,Yes,10,DFDetect,Real,Yes
C3-33.jpeg,Real,Yes,1,FaceOnLive,Real,Yes
C3-33.jpeg,Real,Yes,1,BrandWell,Real,Yes
C3-33.jpeg,Real,Yes,1,DFDetect,Fake,No
34.jpeg,Real,No,30,FaceOnLive,Real,Yes
34.jpeg,Real,No,30,BrandWell,Real,Yes
34.jpeg,Real,No,30,DFDetect,Real,Yes
C1-34.jpeg,Real,Yes,20,FaceOnLive,Real,Yes
C1-34.jpeg,Real,Yes,20,BrandWell,Real,Yes
C1-34.jpeg,Real,Yes,20,DFDetect,Real,Yes
C2-34.jpeg,Real,Yes,10,FaceOnLive,Real,Yes
C2-34.jpeg,Real,Yes,10,BrandWell,Real,Yes
C2-34.jpeg,Real,Yes,10,DFDetect,Uncertain,No
C3-34.jpeg,Real,Yes,1,FaceOnLive,Real,Yes
C3-34.jpeg,Real,Yes,1,BrandWell,Real,Yes
C3-34.jpeg,Real,Yes,1,DFDetect,Uncertain,No
35.jpeg,Real,No,30,FaceOnLive,Real,Yes
35.jpeg,Real,No,30,BrandWell,Real,Yes
35.jpeg,Real,No,30,DFDetect,Real,Yes
C1-35.jpeg,Real,Yes,20,FaceOnLive,Real,Yes
C1-35.jpeg,Real,Yes,20,BrandWell,Real,Yes
C1-35.jpeg,Real,Yes,20,DFDetect,Fake,No
C2-35.jpeg,Real,Yes,10,FaceOnLive,Real,Yes
C2-35.jpeg,Real,Yes,10,BrandWell,Real,Yes
C2-35.jpeg,Real,Yes,10,DFDetect,Real,Yes
C3-35.jpeg,Real,Yes,1,FaceOnLive,Real,Yes
C3-35.jpeg,Real,Yes,1,BrandWell,Real,Yes
C3-35.jpeg,Real,Yes,1,DFDetect,Uncertain,No
36.jpeg,Real,No,30,FaceOnLive,Real,Yes
36.jpeg,Real,No,30,BrandWell,Real,Yes
36.jpeg,Real,No,30,DFDetect,Real,Yes
C1-36.jpeg,Real,Yes,20,FaceOnLive,Real,Yes
C1-36.jpeg,Real,Yes,20,BrandWell,Real,Yes
C1-36.jpeg,Real,Yes,20,DFDetect,Real,Yes
C2-36.jpeg,Real,Yes,10,FaceOnLive,Real,Yes
C2-36.jpeg,Real,Yes,10,BrandWell,Real,Yes
C2-36.jpeg,Real,Yes,10,DFDetect,Real,Yes
C3-36.jpeg,Real,Yes,1,FaceOnLive,Uncertain,No
C3-36.jpeg,Real,Yes,1,BrandWell,Real,Yes
C3-36.jpeg,Real,Yes,1,DFDetect,Real,Yes
37.jpeg,Real,No,30,FaceOnLive,Real,Yes
37.jpeg,Real,No,30,BrandWell,Uncertain,No
37.jpeg,Real,No,30,DFDetect,Real,Yes
C1-37.jpeg,Real,Yes,20,FaceOnLive,Real,Yes
C1-37.jpeg,Real,Yes,20,BrandWell,Real,Yes
C1-37.jpeg,Real,Yes,20,DFDetect,Real,Yes
C2-37.jpeg,Real,Yes,10,FaceOnLive,Real,Yes
C2-37.jpeg,Real,Yes,10,BrandWell,Real,Yes
C2-37.jpeg,Real,Yes,10,DFDetect,Real,Yes
C3-37.jpeg,Real,Yes,1,FaceOnLive,Real,Yes
C3-37.jpeg,Real,Yes,1,BrandWell,Real,Yes
C3-37.jpeg,Real,Yes,1,DFDetect,Uncertain,No
38.jpeg,Real,No,30,FaceOnLive,Real,Yes
38.jpeg,Real,No,30,BrandWell,Real,Yes
38.jpeg,Real,No,30,DFDetect,Real,Yes
C1-38.jpeg,Real,Yes,20,FaceOnLive,Real,Yes
C1-38.jpeg,Real,Yes,20,BrandWell,Real,Yes
C1-38.jpeg,Real,Yes,20,DFDetect,Real,Yes
C2-38.jpeg,Real,Yes,10,FaceOnLive,Real,Yes
C2-38.jpeg,Real,Yes,10,BrandWell,Uncertain,No
C2-38.jpeg,Real,Yes,10,DFDetect,Real,Yes
C3-38.jpeg,Real,Yes,1,FaceOnLive,Real,Yes
C3-38.jpeg,Real,Yes,1,BrandWell,Real,Yes
C3-38.jpeg,Real,Yes,1,DFDetect,Fake,No
39.jpeg,Real,No,30,FaceOnLive,Real,Yes
39.jpeg,Real,No,30,BrandWell,Real,Yes
39.jpeg,Real,No,30,DFDetect,Uncertain,No
C1-39.jpeg,Real,Yes,20,FaceOnLive,Real,Yes
C1-39.jpeg,Real,Yes,20,BrandWell,Real,Yes
C1-39.jpeg,Real,Yes,20,DFDetect,Uncertain,No
C2-39.jpeg,Real,Yes,10,FaceOnLive,Real,Yes
C2-39.jpeg,Real,Yes,10,BrandWell,Real,Yes
C2-39.jpeg,Real,Yes,10,DFDetect,Uncertain,No
C3-39.jpeg,Real,Yes,1,FaceOnLive,Real,Yes
C3-39.jpeg,Real,Yes,1,BrandWell,Real,Yes
C3-39.jpeg,Real,Yes,1,DFDetect,Fake,No
40.jpeg,Real,No,30,FaceOnLive,Real,Yes
40.jpeg,Real,No,30,BrandWell,Fake,No
40.jpeg,Real,No,30,DFDetect,Real,Yes
C1-40.jpeg,Real,Yes,20,FaceOnLive,Real,Yes
C1-40.jpeg,Real,Yes,20,BrandWell,Fake,No
C1-40.jpeg,Real,Yes,20,DFDetect,Real,Yes
C2-40.jpeg,Real,Yes,10,FaceOnLive,Real,Yes
C2-40.jpeg,Real,Yes,10,BrandWell,Real,Yes
C2-40.jpeg,Real,Yes,10,DFDetect,Real,Yes
C3-40.jpeg,Real,Yes,1,FaceOnLive,Real,Yes
C3-40.jpeg,Real,Yes,1,BrandWell,Real,Yes
C3-40.jpeg,Real,Yes,1,DFDetect,Uncertain,No
41.jpeg,Real,No,30,FaceOnLive,Real,Yes
41.jpeg,Real,No,30,BrandWell,Fake,No
41.jpeg,Real,No,30,DFDetect,Real,Yes
C1-41.jpeg,Real,Yes,20,FaceOnLive,Real,Yes
C1-41.jpeg,Real,Yes,20,BrandWell,Real,Yes
C1-41.jpeg,Real,Yes,20,DFDetect,Real,Yes
C2-41.jpeg,Real,Yes,10,FaceOnLive,Real,Yes
C2-41.jpeg,Real,Yes,10,BrandWell,Real,Yes
C2-41.jpeg,Real,Yes,10,DFDetect,Real,Yes
C3-41.jpeg,Real,Yes,1,FaceOnLive,Real,Yes
C3-41.jpeg,Real,Yes,1,BrandWell,Real,Yes
C3-41.jpeg,Real,Yes,1,DFDetect,Real,Yes
42.jpeg,Real,No,30,FaceOnLive,Real,Yes
42.jpeg,Real,No,30,BrandWell,Fake,No
42.jpeg,Real,No,30,DFDetect,Real,Yes
C1-42.jpeg,Real,Yes,20,FaceOnLive,Real,Yes
C1-42.jpeg,Real,Yes,20,BrandWell,Fake,No
C1-42.jpeg,Real,Yes,20,DFDetect,Real,Yes
C2-42.jpeg,Real,Yes,10,FaceOnLive,Real,Yes
C2-42.jpeg,Real,Yes,10,BrandWell,Real,Yes
C2-42.jpeg,Real,Yes,10,DFDetect,Real,Yes
C3-42.jpeg,Real,Yes,1,FaceOnLive,Real,Yes
C3-42.jpeg,Real,Yes,1,BrandWell,Real,Yes
C3-42.jpeg,Real,Yes,1,DFDetect,Real,Yes
43.jpeg,Real,No,30,FaceOnLive,Uncertain,No
43.jpeg,Real,No,30,BrandWell,Real,Yes
43.jpeg,Real,No,30,DFDetect,Real,Yes
C1-43.jpeg,Real,Yes,20,FaceOnLive,Fake,No
C1-43.jpeg,Real,Yes,20,BrandWell,Real,Yes
C1-43.jpeg,Real,Yes,20,DFDetect,Fake,No
C2-43.jpeg,Real,Yes,10,FaceOnLive,Fake,No
C2-43.jpeg,Real,Yes,10,BrandWell,Real,Yes
C2-43.jpeg,Real,Yes,10,DFDetect,Real,Yes
C3-43.jpeg,Real,Yes,1,FaceOnLive,Uncertain,No
C3-43.jpeg,Real,Yes,1,BrandWell,Real,Yes
C3-43.jpeg,Real,Yes,1,DFDetect,Uncertain,No
44.jpeg,Real,No,30,FaceOnLive,Fake,No
44.jpeg,Real,No,30,BrandWell,Fake,No
44.jpeg,Real,No,30,DFDetect,Fake,No
C1-44.jpeg,Real,Yes,20,FaceOnLive,Real,Yes
C1-44.jpeg,Real,Yes,20,BrandWell,Fake,No
C1-44.jpeg,Real,Yes,20,DFDetect,Fake,No
C2-44.jpeg,Real,Yes,10,FaceOnLive,Real,Yes
C2-44.jpeg,Real,Yes,10,BrandWell,Fake,No
C2-44.jpeg,Real,Yes,10,DFDetect,Fake,No
C3-44.jpeg,Real,Yes,1,FaceOnLive,Real,Yes
C3-44.jpeg,Real,Yes,1,BrandWell,Real,Yes
C3-44.jpeg,Real,Yes,1,DFDetect,Fake,No
45.jpeg,Real,No,30,FaceOnLive,Real,Yes
45.jpeg,Real,No,30,BrandWell,Fake,No
45.jpeg,Real,No,30,DFDetect,Fake,No
C1-45.jpeg,Real,Yes,20,FaceOnLive,Real,Yes
C1-45.jpeg,Real,Yes,20,BrandWell,Fake,No
C1-45.jpeg,Real,Yes,20,DFDetect,Fake,No
C2-45.jpeg,Real,Yes,10,FaceOnLive,Real,Yes
C2-45.jpeg,Real,Yes,10,BrandWell,Real,Yes
C2-45.jpeg,Real,Yes,10,DFDetect,Fake,No
C3-45.jpeg,Real,Yes,1,FaceOnLive,Real,Yes
C3-45.jpeg,Real,Yes,1,BrandWell,Real,Yes
C3-45.jpeg,Real,Yes,1,DFDetect,Uncertain,No
46.jpeg,Real,No,30,FaceOnLive,Real,Yes
46.jpeg,Real,No,30,BrandWell,Real,Yes
46.jpeg,Real,No,30,DFDetect,Real,Yes
C1-46.jpeg,Real,Yes,20,FaceOnLive,Real,Yes
C1-46.jpeg,Real,Yes,20,BrandWell,Real,Yes
C1-46.jpeg,Real,Yes,20,DFDetect,Real,Yes
C2-46.jpeg,Real,Yes,10,FaceOnLive,Real,Yes
C2-46.jpeg,Real,Yes,10,BrandWell,Real,Yes
C2-46.jpeg,Real,Yes,10,DFDetect,Real,Yes
C3-46.jpeg,Real,Yes,1,FaceOnLive,Uncertain,No
C3-46.jpeg,Real,Yes,1,BrandWell,Real,Yes
C3-46.jpeg,Real,Yes,1,DFDetect,Real,Yes
47.jpeg,Real,No,30,FaceOnLive,Real,Yes
47.jpeg,Real,No,30,BrandWell,Real,Yes
47.jpeg,Real,No,30,DFDetect,Real,Yes
C1-47.jpeg,Real,Yes,20,FaceOnLive,Real,Yes
C1-47.jpeg,Real,Yes,20,BrandWell,Real,Yes
C1-47.jpeg,Real,Yes,20,DFDetect,Real,Yes
C2-47.jpeg,Real,Yes,10,FaceOnLive,Real,Yes
C2-47.jpeg,Real,Yes,10,BrandWell,Real,Yes
C2-47.jpeg,Real,Yes,10,DFDetect,Real,Yes
C3-47.jpeg,Real,Yes,1,FaceOnLive,Real,Yes
C3-47.jpeg,Real,Yes,1,BrandWell,Real,Yes
C3-47.jpeg,Real,Yes,1,DFDetect,Uncertain,No
48.jpeg,Real,No,30,FaceOnLive,Real,Yes
48.jpeg,Real,No,30,BrandWell,Fake,No
48.jpeg,Real,No,30,DFDetect,Real,Yes
C1-48.jpeg,Real,Yes,20,FaceOnLive,Real,Yes
C1-48.jpeg,Real,Yes,20,BrandWell,Fake,No
C1-48.jpeg,Real,Yes,20,DFDetect,Real,Yes
C2-48.jpeg,Real,Yes,10,FaceOnLive,Real,Yes
C2-48.jpeg,Real,Yes,10,BrandWell,Fake,No
C2-48.jpeg,Real,Yes,10,DFDetect,Real,Yes
C3-48.jpeg,Real,Yes,1,FaceOnLive,Real,Yes
C3-48.jpeg,Real,Yes,1,BrandWell,Fake,No
C3-48.jpeg,Real,Yes,1,DFDetect,Fake,No
49.jpeg,Real,No,30,FaceOnLive,Real,Yes
49.jpeg,Real,No,30,BrandWell,Real,Yes
49.jpeg,Real,No,30,DFDetect,Real,Yes
C1-49.jpeg,Real,Yes,20,FaceOnLive,Real,Yes
C1-49.jpeg,Real,Yes,20,BrandWell,Real,Yes
C1-49.jpeg,Real,Yes,20,DFDetect,Real,Yes
C2-49.jpeg,Real,Yes,10,FaceOnLive,Real,Yes
C2-49.jpeg,Real,Yes,10,BrandWell,Real,Yes
C2-49.jpeg,Real,Yes,10,DFDetect,Real,Yes
C3-49.jpeg,Real,Yes,1,FaceOnLive,Real,Yes
C3-49.jpeg,Real,Yes,1,BrandWell,Real,Yes
C3-49.jpeg,Real,Yes,1,DFDetect,Uncertain,No
50.jpeg,Real,No,30,FaceOnLive,Real,Yes
50.jpeg,Real,No,30,BrandWell,Real,Yes
50.jpeg,Real,No,30,DFDetect,Real,Yes
C1-50.jpeg,Real,Yes,20,FaceOnLive,Real,Yes
C1-50.jpeg,Real,Yes,20,BrandWell,Real,Yes
C1-50.jpeg,Real,Yes,20,DFDetect,Real,Yes
C2-50.jpeg,Real,Yes,10,FaceOnLive,Real,Yes
C2-50.jpeg,Real,Yes,10,BrandWell,Real,Yes
C2-50.jpeg,Real,Yes,10,DFDetect,Real,Yes
C3-50.jpeg,Real,Yes,1,FaceOnLive,Real,Yes
C3-50.jpeg,Real,Yes,1,BrandWell,Real,Yes
C3-50.jpeg,Real,Yes,1,DFDetect,Uncertain,No
51.jpeg,Real,No,30,FaceOnLive,Real,Yes
51.jpeg,Real,No,30,BrandWell,Fake,No
51.jpeg,Real,No,30,DFDetect,Real,Yes
C1-51.jpeg,Real,Yes,20,FaceOnLive,Real,Yes
C1-51.jpeg,Real,Yes,20,BrandWell,Uncertain,No
C1-51.jpeg,Real,Yes,20,DFDetect,Fake,No
C2-51.jpeg,Real,Yes,10,FaceOnLive,Real,Yes
C2-51.jpeg,Real,Yes,10,BrandWell,Real,Yes
C2-51.jpeg,Real,Yes,10,DFDetect,Fake,No
C3-51.jpeg,Real,Yes,1,FaceOnLive,Real,Yes
C3-51.jpeg,Real,Yes,1,BrandWell,Real,Yes
C3-51.jpeg,Real,Yes,1,DFDetect,Fake,No
52.jpeg,Real,No,30,FaceOnLive,Real,Yes
52.jpeg,Real,No,30,BrandWell,Fake,No
52.jpeg,Real,No,30,DFDetect,Real,Yes
C1-52.jpeg,Real,Yes,20,FaceOnLive,Real,Yes
C1-52.jpeg,Real,Yes,20,BrandWell,Fake,No
C1-52.jpeg,Real,Yes,20,DFDetect,Real,Yes
C2-52.jpeg,Real,Yes,10,FaceOnLive,Real,Yes
C2-52.jpeg,Real,Yes,10,BrandWell,Fake,No
C2-52.jpeg,Real,Yes,10,DFDetect,Uncertain,No
C3-52.jpeg,Real,Yes,1,FaceOnLive,Real,Yes
C3-52.jpeg,Real,Yes,1,BrandWell,Fake,No
C3-52.jpeg,Real,Yes,1,DFDetect,Real,Yes
53.jpeg,Real,No,30,FaceOnLive,Real,Yes
53.jpeg,Real,No,30,BrandWell,Fake,No
53.jpeg,Real,No,30,DFDetect,Real,Yes
C1-53.jpeg,Real,Yes,20,FaceOnLive,Real,Yes
C1-53.jpeg,Real,Yes,20,BrandWell,Fake,No
C1-53.jpeg,Real,Yes,20,DFDetect,Real,Yes
C2-53.jpeg,Real,Yes,10,FaceOnLive,Real,Yes
C2-53.jpeg,Real,Yes,10,BrandWell,Fake,No
C2-53.jpeg,Real,Yes,10,DFDetect,Real,Yes
C3-53.jpeg,Real,Yes,1,FaceOnLive,Real,Yes
C3-53.jpeg,Real,Yes,1,BrandWell,Real,Yes
C3-53.jpeg,Real,Yes,1,DFDetect,Fake,No
54.jpeg,Real,No,30,FaceOnLive,Real,Yes
54.jpeg,Real,No,30,BrandWell,Fake,No
54.jpeg,Real,No,30,DFDetect,Real,Yes
C1-54.jpeg,Real,Yes,20,FaceOnLive,Real,Yes
C1-54.jpeg,Real,Yes,20,BrandWell,Fake,No
C1-54.jpeg,Real,Yes,20,DFDetect,Real,Yes
C2-54.jpeg,Real,Yes,10,FaceOnLive,Real,Yes
C2-54.jpeg,Real,Yes,10,BrandWell,Real,Yes
C2-54.jpeg,Real,Yes,10,DFDetect,Real,Yes
C3-54.jpeg,Real,Yes,1,FaceOnLive,Real,Yes
C3-54.jpeg,Real,Yes,1,BrandWell,Real,Yes
C3-54.jpeg,Real,Yes,1,DFDetect,Uncertain,No
55.jpeg,Real,No,30,FaceOnLive,Real,Yes
55.jpeg,Real,No,30,BrandWell,Real,Yes
55.jpeg,Real,No,30,DFDetect,Real,Yes
C1-55.jpeg,Real,Yes,20,FaceOnLive,Real,Yes
C1-55.jpeg,Real,Yes,20,BrandWell,Real,Yes
C1-55.jpeg,Real,Yes,20,DFDetect,Real,Yes
C2-55.jpeg,Real,Yes,10,FaceOnLive,Real,Yes
C2-55.jpeg,Real,Yes,10,BrandWell,Real,Yes
C2-55.jpeg,Real,Yes,10,DFDetect,Fake,No
C3-55.jpeg,Real,Yes,1,FaceOnLive,Real,Yes
C3-55.jpeg,Real,Yes,1,BrandWell,Real,Yes
C3-55.jpeg,Real,Yes,1,DFDetect,Fake,No
56.jpeg,Real,No,30,FaceOnLive,Real,Yes
56.jpeg,Real,No,30,BrandWell,Fake,No
56.jpeg,Real,No,30,DFDetect,Real,Yes
C1-56.jpeg,Real,Yes,20,FaceOnLive,Real,Yes
C1-56.jpeg,Real,Yes,20,BrandWell,Fake,No
C1-56.jpeg,Real,Yes,20,DFDetect,Fake,No
C2-56.jpeg,Real,Yes,10,FaceOnLive,Real,Yes
C2-56.jpeg,Real,Yes,10,BrandWell,Fake,No
C2-56.jpeg,Real,Yes,10,DFDetect,Fake,No
C3-56.jpeg,Real,Yes,1,FaceOnLive,Real,Yes
C3-56.jpeg,Real,Yes,1,BrandWell,Fake,No
C3-56.jpeg,Real,Yes,1,DFDetect,Fake,No
57.jpeg,Real,No,30,FaceOnLive,Real,Yes
57.jpeg,Real,No,30,BrandWell,Fake,No
57.jpeg,Real,No,30,DFDetect,Real,Yes
C1-57.jpeg,Real,Yes,20,FaceOnLive,Real,Yes
C1-57.jpeg,Real,Yes,20,BrandWell,Fake,No
C1-57.jpeg,Real,Yes,20,DFDetect,Real,Yes
C2-57.jpeg,Real,Yes,10,FaceOnLive,Real,Yes
C2-57.jpeg,Real,Yes,10,BrandWell,Fake,No
C2-57.jpeg,Real,Yes,10,DFDetect,Fake,No
C3-57.jpeg,Real,Yes,1,FaceOnLive,Real,Yes
C3-57.jpeg,Real,Yes,1,BrandWell,Real,Yes
C3-57.jpeg,Real,Yes,1,DFDetect,Uncertain,No
58.jpeg,Real,No,30,FaceOnLive,Real,Yes
58.jpeg,Real,No,30,BrandWell,Real,Yes
58.jpeg,Real,No,30,DFDetect,Real,Yes
C1-58.jpeg,Real,Yes,20,FaceOnLive,Real,Yes
C1-58.jpeg,Real,Yes,20,BrandWell,Real,Yes
C1-58.jpeg,Real,Yes,20,DFDetect,Real,Yes
C2-58.jpeg,Real,Yes,10,FaceOnLive,Real,Yes
C2-58.jpeg,Real,Yes,10,BrandWell,Real,Yes
C2-58.jpeg,Real,Yes,10,DFDetect,Real,Yes
C3-58.jpeg,Real,Yes,1,FaceOnLive,Real,Yes
C3-58.jpeg,Real,Yes,1,BrandWell,Real,Yes
C3-58.jpeg,Real,Yes,1,DFDetect,Fake,No
59.jpeg,Real,No,30,FaceOnLive,Real,Yes
59.jpeg,Real,No,30,BrandWell,Fake,No
59.jpeg,Real,No,30,DFDetect,Real,Yes
C1-59.jpeg,Real,Yes,20,FaceOnLive,Real,Yes
C1-59.jpeg,Real,Yes,20,BrandWell,Real,Yes
C1-59.jpeg,Real,Yes,20,DFDetect,Real,Yes
C2-59.jpeg,Real,Yes,10,FaceOnLive,Real,Yes
C2-59.jpeg,Real,Yes,10,BrandWell,Real,Yes
C2-59.jpeg,Real,Yes,10,DFDetect,Real,Yes
C3-59.jpeg,Real,Yes,1,FaceOnLive,Real,Yes
C3-59.jpeg,Real,Yes,1,BrandWell,Real,Yes
C3-59.jpeg,Real,Yes,1,DFDetect,Uncertain,No
60.jpeg,Real,No,30,FaceOnLive,Real,Yes
60.jpeg,Real,No,30,BrandWell,Real,Yes
60.jpeg,Real,No,30,DFDetect,Real,Yes
C1-60.jpeg,Real,Yes,20,FaceOnLive,Real,Yes
C1-60.jpeg,Real,Yes,20,BrandWell,Real,Yes
C1-60.jpeg,Real,Yes,20,DFDetect,Real,Yes
C2-60.jpeg,Real,Yes,10,FaceOnLive,Real,Yes
C2-60.jpeg,Real,Yes,10,BrandWell,Real,Yes
C2-60.jpeg,Real,Yes,10,DFDetect,Real,Yes
C3-60.jpeg,Real,Yes,1,FaceOnLive,Uncertain,No
C3-60.jpeg,Real,Yes,1,BrandWell,Real,Yes
C3-60.jpeg,Real,Yes,1,DFDetect,Uncertain,No
61.jpeg,Real,No,30,FaceOnLive,Real,Yes
61.jpeg,Real,No,30,BrandWell,Real,Yes
61.jpeg,Real,No,30,DFDetect,Real,Yes
C1-61.jpeg,Real,Yes,20,FaceOnLive,Real,Yes
C1-61.jpeg,Real,Yes,20,BrandWell,Real,Yes
C1-61.jpeg,Real,Yes,20,DFDetect,Real,Yes
C2-61.jpeg,Real,Yes,10,FaceOnLive,Real,Yes
C2-61.jpeg,Real,Yes,10,BrandWell,Real,Yes
C2-61.jpeg,Real,Yes,10,DFDetect,Real,Yes
C3-61.jpeg,Real,Yes,1,FaceOnLive,Real,Yes
C3-61.jpeg,Real,Yes,1,BrandWell,Real,Yes
C3-61.jpeg,Real,Yes,1,DFDetect,Uncertain,No
62.jpeg,Real,No,30,FaceOnLive,Real,Yes
62.jpeg,Real,No,30,BrandWell,Fake,No
62.jpeg,Real,No,30,DFDetect,Real,Yes
C1-62.jpeg,Real,Yes,20,FaceOnLive,Real,Yes
C1-62.jpeg,Real,Yes,20,BrandWell,Real,Yes
C1-62.jpeg,Real,Yes,20,DFDetect,Fake,No
C2-62.jpeg,Real,Yes,10,FaceOnLive,Real,Yes
C2-62.jpeg,Real,Yes,10,BrandWell,Real,Yes
C2-62.jpeg,Real,Yes,10,DFDetect,Real,Yes
C3-62.jpeg,Real,Yes,1,FaceOnLive,Real,Yes
C3-62.jpeg,Real,Yes,1,BrandWell,Real,Yes
C3-62.jpeg,Real,Yes,1,DFDetect,Fake,No
63.jpeg,Real,No,30,FaceOnLive,Real,Yes
63.jpeg,Real,No,30,BrandWell,Real,Yes
63.jpeg,Real,No,30,DFDetect,Fake,No
C1-63.jpeg,Real,Yes,20,FaceOnLive,Uncertain,No
C1-63.jpeg,Real,Yes,20,BrandWell,Real,Yes
C1-63.jpeg,Real,Yes,20,DFDetect,Real,Yes
C2-63.jpeg,Real,Yes,10,FaceOnLive,Real,Yes
C2-63.jpeg,Real,Yes,10,BrandWell,Real,Yes
C2-63.jpeg,Real,Yes,10,DFDetect,Uncertain,No
C3-63.jpeg,Real,Yes,1,FaceOnLive,Fake,No
C3-63.jpeg,Real,Yes,1,BrandWell,Real,Yes
C3-63.jpeg,Real,Yes,1,DFDetect,Uncertain,No
64.jpeg,Real,No,30,FaceOnLive,Fake,No
64.jpeg,Real,No,30,BrandWell,Real,Yes
64.jpeg,Real,No,30,DFDetect,Real,Yes
C1-64.jpeg,Real,Yes,20,FaceOnLive,Real,Yes
C1-64.jpeg,Real,Yes,20,BrandWell,Real,Yes
C1-64.jpeg,Real,Yes,20,DFDetect,Real,Yes
C2-64.jpeg,Real,Yes,10,FaceOnLive,Real,Yes
C2-64.jpeg,Real,Yes,10,BrandWell,Real,Yes
C2-64.jpeg,Real,Yes,10,DFDetect,Real,Yes
C3-64.jpeg,Real,Yes,1,FaceOnLive,Real,Yes
C3-64.jpeg,Real,Yes,1,BrandWell,Real,Yes
C3-64.jpeg,Real,Yes,1,DFDetect,Uncertain,No
65.jpeg,Real,No,30,FaceOnLive,Real,Yes
65.jpeg,Real,No,30,BrandWell,Real,Yes
65.jpeg,Real,No,30,DFDetect,Real,Yes
C1-65.jpeg,Real,Yes,20,FaceOnLive,Uncertain,No
C1-65.jpeg,Real,Yes,20,BrandWell,Real,Yes
C1-65.jpeg,Real,Yes,20,DFDetect,Uncertain,No
C2-65.jpeg,Real,Yes,10,FaceOnLive,Real,Yes
C2-65.jpeg,Real,Yes,10,BrandWell,Real,Yes
C2-65.jpeg,Real,Yes,10,DFDetect,Uncertain,No
C3-65.jpeg,Real,Yes,1,FaceOnLive,Real,Yes
C3-65.jpeg,Real,Yes,1,BrandWell,Real,Yes
C3-65.jpeg,Real,Yes,1,DFDetect,Uncertain,No
66.jpeg,Real,No,30,FaceOnLive,Real,Yes
66.jpeg,Real,No,30,BrandWell,Fake,No
66.jpeg,Real,No,30,DFDetect,Real,Yes
C1-66.jpeg,Real,Yes,20,FaceOnLive,Real,Yes
C1-66.jpeg,Real,Yes,20,BrandWell,Fake,No
C1-66.jpeg,Real,Yes,20,DFDetect,Real,Yes
C2-66.jpeg,Real,Yes,10,FaceOnLive,Real,Yes
C2-66.jpeg,Real,Yes,10,BrandWell,Real,Yes
C2-66.jpeg,Real,Yes,10,DFDetect,Real,Yes
C3-66.jpeg,Real,Yes,1,FaceOnLive,Real,Yes
C3-66.jpeg,Real,Yes,1,BrandWell,Real,Yes
C3-66.jpeg,Real,Yes,1,DFDetect,Uncertain,No
67.jpeg,Real,No,30,FaceOnLive,Real,Yes
67.jpeg,Real,No,30,BrandWell,Real,Yes
67.jpeg,Real,No,30,DFDetect,Real,Yes
C1-67.jpeg,Real,Yes,20,FaceOnLive,Real,Yes
C1-67.jpeg,Real,Yes,20,BrandWell,Real,Yes
C1-67.jpeg,Real,Yes,20,DFDetect,Real,Yes
C2-67.jpeg,Real,Yes,10,FaceOnLive,Real,Yes
C2-67.jpeg,Real,Yes,10,BrandWell,Real,Yes
C2-67.jpeg,Real,Yes,10,DFDetect,Real,Yes
C3-67.jpeg,Real,Yes,1,FaceOnLive,Uncertain,No
C3-67.jpeg,Real,Yes,1,BrandWell,Real,Yes
C3-67.jpeg,Real,Yes,1,DFDetect,Uncertain,No
68.jpeg,Real,No,30,FaceOnLive,Real,Yes
68.jpeg,Real,No,30,BrandWell,Fake,No
68.jpeg,Real,No,30,DFDetect,Real,Yes
C1-68.jpeg,Real,Yes,20,FaceOnLive,Real,Yes
C1-68.jpeg,Real,Yes,20,BrandWell,Real,Yes
C1-68.jpeg,Real,Yes,20,DFDetect,Real,Yes
C2-68.jpeg,Real,Yes,10,FaceOnLive,Real,Yes
C2-68.jpeg,Real,Yes,10,BrandWell,Real,Yes
C2-68.jpeg,Real,Yes,10,DFDetect,Real,Yes
C3-68.jpeg,Real,Yes,1,FaceOnLive,Real,Yes
C3-68.jpeg,Real,Yes,1,BrandWell,Real,Yes
C3-68.jpeg,Real,Yes,1,DFDetect,Uncertain,No
69.jpeg,Real,No,30,FaceOnLive,Real,Yes
69.jpeg,Real,No,30,BrandWell,Real,Yes
69.jpeg,Real,No,30,DFDetect,Real,Yes
C1-69.jpeg,Real,Yes,20,FaceOnLive,Real,Yes
C1-69.jpeg,Real,Yes,20,BrandWell,Real,Yes
C1-69.jpeg,Real,Yes,20,DFDetect,Fake,No
C2-69.jpeg,Real,Yes,10,FaceOnLive,Real,Yes
C2-69.jpeg,Real,Yes,10,BrandWell,Real,Yes
C2-69.jpeg,Real,Yes,10,DFDetect,Fake,No
C3-69.jpeg,Real,Yes,1,FaceOnLive,Uncertain,No
C3-69.jpeg,Real,Yes,1,BrandWell,Real,Yes
C3-69.jpeg,Real,Yes,1,DFDetect,Real,Yes
70.jpeg,Real,No,30,FaceOnLive,Real,Yes
70.jpeg,Real,No,30,BrandWell,Fake,No
70.jpeg,Real,No,30,DFDetect,Real,Yes
C1-70.jpeg,Real,Yes,20,FaceOnLive,Real,Yes
C1-70.jpeg,Real,Yes,20,BrandWell,Fake,No
C1-70.jpeg,Real,Yes,20,DFDetect,Real,Yes
C2-70.jpeg,Real,Yes,10,FaceOnLive,Real,Yes
C2-70.jpeg,Real,Yes,10,BrandWell,Fake,No
C2-70.jpeg,Real,Yes,10,DFDetect,Real,Yes
C3-70.jpeg,Real,Yes,1,FaceOnLive,Real,Yes
C3-70.jpeg,Real,Yes,1,BrandWell,Real,Yes
C3-70.jpeg,Real,Yes,1,DFDetect,Uncertain,No
71.jpeg,Real,No,30,FaceOnLive,Real,Yes
71.jpeg,Real,No,30,BrandWell,Fake,No
71.jpeg,Real,No,30,DFDetect,Real,Yes
C1-71.jpeg,Real,Yes,20,FaceOnLive,Real,Yes
C1-71.jpeg,Real,Yes,20,BrandWell,Real,Yes
C1-71.jpeg,Real,Yes,20,DFDetect,Real,Yes
C2-71.jpeg,Real,Yes,10,FaceOnLive,Real,Yes
C2-71.jpeg,Real,Yes,10,BrandWell,Real,Yes
C2-71.jpeg,Real,Yes,10,DFDetect,Real,Yes
C3-71.jpeg,Real,Yes,1,FaceOnLive,Real,Yes
C3-71.jpeg,Real,Yes,1,BrandWell,Real,Yes
C3-71.jpeg,Real,Yes,1,DFDetect,Uncertain,No
72.jpeg,Real,No,30,FaceOnLive,Real,Yes
72.jpeg,Real,No,30,BrandWell,Real,Yes
72.jpeg,Real,No,30,DFDetect,Real,Yes
C1-72.jpeg,Real,Yes,20,FaceOnLive,Real,Yes
C1-72.jpeg,Real,Yes,20,BrandWell,Real,Yes
C1-72.jpeg,Real,Yes,20,DFDetect,Real,Yes
C2-72.jpeg,Real,Yes,10,FaceOnLive,Real,Yes
C2-72.jpeg,Real,Yes,10,BrandWell,Real,Yes
C2-72.jpeg,Real,Yes,10,DFDetect,Real,Yes
C3-72.jpeg,Real,Yes,1,FaceOnLive,Real,Yes
C3-72.jpeg,Real,Yes,1,BrandWell,Real,Yes
C3-72.jpeg,Real,Yes,1,DFDetect,Uncertain,No
73.jpeg,Real,No,30,FaceOnLive,Real,Yes
73.jpeg,Real,No,30,BrandWell,Fake,No
73.jpeg,Real,No,30,DFDetect,Real,Yes
C1-73.jpeg,Real,Yes,20,FaceOnLive,Real,Yes
C1-73.jpeg,Real,Yes,20,BrandWell,Fake,No
C1-73.jpeg,Real,Yes,20,DFDetect,Real,Yes
C2-73.jpeg,Real,Yes,10,FaceOnLive,Real,Yes
C2-73.jpeg,Real,Yes,10,BrandWell,Real,Yes
C2-73.jpeg,Real,Yes,10,DFDetect,Real,Yes
C3-73.jpeg,Real,Yes,1,FaceOnLive,Real,Yes
C3-73.jpeg,Real,Yes,1,BrandWell,Real,Yes
C3-73.jpeg,Real,Yes,1,DFDetect,Fake,No
74.jpeg,Real,No,30,FaceOnLive,Real,Yes
74.jpeg,Real,No,30,BrandWell,Real,Yes
74.jpeg,Real,No,30,DFDetect,Fake,No
C1-74.jpeg,Real,Yes,20,FaceOnLive,Real,Yes
C1-74.jpeg,Real,Yes,20,BrandWell,Real,Yes
C1-74.jpeg,Real,Yes,20,DFDetect,Fake,No
C2-74.jpeg,Real,Yes,10,FaceOnLive,Real,Yes
C2-74.jpeg,Real,Yes,10,BrandWell,Real,Yes
C2-74.jpeg,Real,Yes,10,DFDetect,Real,Yes
C3-74.jpeg,Real,Yes,1,FaceOnLive,Real,Yes
C3-74.jpeg,Real,Yes,1,BrandWell,Real,Yes
C3-74.jpeg,Real,Yes,1,DFDetect,Uncertain,No
75.jpeg,Real,No,30,FaceOnLive,Real,Yes
75.jpeg,Real,No,30,BrandWell,Real,Yes
75.jpeg,Real,No,30,DFDetect,Real,Yes
C1-75.jpeg,Real,Yes,20,FaceOnLive,Real,Yes
C1-75.jpeg,Real,Yes,20,BrandWell,Real,Yes
C1-75.jpeg,Real,Yes,20,DFDetect,Real,Yes
C2-75.jpeg,Real,Yes,10,FaceOnLive,Real,Yes
C2-75.jpeg,Real,Yes,10,BrandWell,Real,Yes
C2-75.jpeg,Real,Yes,10,DFDetect,Real,Yes
C3-75.jpeg,Real,Yes,1,FaceOnLive,Real,Yes
C3-75.jpeg,Real,Yes,1,BrandWell,Real,Yes
C3-75.jpeg,Real,Yes,1,DFDetect,Uncertain,No
76.jpeg,Real,No,30,FaceOnLive,Real,Yes
76.jpeg,Real,No,30,BrandWell,Real,Yes
76.jpeg,Real,No,30,DFDetect,Real,Yes
C1-76.jpeg,Real,Yes,20,FaceOnLive,Real,Yes
C1-76.jpeg,Real,Yes,20,BrandWell,Real,Yes
C1-76.jpeg,Real,Yes,20,DFDetect,Real,Yes
C2-76.jpeg,Real,Yes,10,FaceOnLive,Real,Yes
C2-76.jpeg,Real,Yes,10,BrandWell,Real,Yes
C2-76.jpeg,Real,Yes,10,DFDetect,Real,Yes
C3-76.jpeg,Real,Yes,1,FaceOnLive,Real,Yes
C3-76.jpeg,Real,Yes,1,BrandWell,Real,Yes
C3-76.jpeg,Real,Yes,1,DFDetect,Fake,No
77.jpeg,Real,No,30,FaceOnLive,Real,Yes
77.jpeg,Real,No,30,BrandWell,Fake,No
77.jpeg,Real,No,30,DFDetect,Real,Yes
C1-77.jpeg,Real,Yes,20,FaceOnLive,Real,Yes
C1-77.jpeg,Real,Yes,20,BrandWell,Real,Yes
C1-77.jpeg,Real,Yes,20,DFDetect,Real,Yes
C2-77.jpeg,Real,Yes,10,FaceOnLive,Uncertain,No
C2-77.jpeg,Real,Yes,10,BrandWell,Real,Yes
C2-77.jpeg,Real,Yes,10,DFDetect,Real,Yes
C3-77.jpeg,Real,Yes,1,FaceOnLive,Real,Yes
C3-77.jpeg,Real,Yes,1,BrandWell,Real,Yes
C3-77.jpeg,Real,Yes,1,DFDetect,Uncertain,No
78.jpeg,Real,No,30,FaceOnLive,Real,Yes
78.jpeg,Real,No,30,BrandWell,Real,Yes
78.jpeg,Real,No,30,DFDetect,Real,Yes
C1-78.jpeg,Real,Yes,20,FaceOnLive,Fake,No
C1-78.jpeg,Real,Yes,20,BrandWell,Real,Yes
C1-78.jpeg,Real,Yes,20,DFDetect,Real,Yes
C2-78.jpeg,Real,Yes,10,FaceOnLive,Real,Yes
C2-78.jpeg,Real,Yes,10,BrandWell,Real,Yes
C2-78.jpeg,Real,Yes,10,DFDetect,Real,Yes
C3-78.jpeg,Real,Yes,1,FaceOnLive,Uncertain,No
C3-78.jpeg,Real,Yes,1,BrandWell,Real,Yes
C3-78.jpeg,Real,Yes,1,DFDetect,Real,Yes
79.jpeg,Real,No,30,FaceOnLive,Real,Yes
79.jpeg,Real,No,30,BrandWell,Real,Yes
79.jpeg,Real,No,30,DFDetect,Real,Yes
C1-79.jpeg,Real,Yes,20,FaceOnLive,Real,Yes
C1-79.jpeg,Real,Yes,20,BrandWell,Real,Yes
C1-79.jpeg,Real,Yes,20,DFDetect,Real,Yes
C2-79.jpeg,Real,Yes,10,FaceOnLive,Real,Yes
C2-79.jpeg,Real,Yes,10,BrandWell,Real,Yes
C2-79.jpeg,Real,Yes,10,DFDetect,Real,Yes
C3-79.jpeg,Real,Yes,1,FaceOnLive,Real,Yes
C3-79.jpeg,Real,Yes,1,BrandWell,Real,Yes
C3-79.jpeg,Real,Yes,1,DFDetect,Fake,No
80.jpeg,Real,No,30,FaceOnLive,Real,Yes
80.jpeg,Real,No,30,BrandWell,Fake,No
80.jpeg,Real,No,30,DFDetect,Real,Yes
C1-80.jpeg,Real,Yes,20,FaceOnLive,Real,Yes
C1-80.jpeg,Real,Yes,20,BrandWell,Real,Yes
C1-80.jpeg,Real,Yes,20,DFDetect,Real,Yes
C2-80.jpeg,Real,Yes,10,FaceOnLive,Real,Yes
C2-80.jpeg,Real,Yes,10,BrandWell,Real,Yes
C2-80.jpeg,Real,Yes,10,DFDetect,Real,Yes
C3-80.jpeg,Real,Yes,1,FaceOnLive,Real,Yes
C3-80.jpeg,Real,Yes,1,BrandWell,Real,Yes
C3-80.jpeg,Real,Yes,1,DFDetect,Fake,No
81.jpeg,Real,No,30,FaceOnLive,Real,Yes
81.jpeg,Real,No,30,BrandWell,Real,Yes
81.jpeg,Real,No,30,DFDetect,Real,Yes
C1-81.jpeg,Real,Yes,20,FaceOnLive,Real,Yes
C1-81.jpeg,Real,Yes,20,BrandWell,Real,Yes
C1-81.jpeg,Real,Yes,20,DFDetect,Real,Yes
C2-81.jpeg,Real,Yes,10,FaceOnLive,Real,Yes
C2-81.jpeg,Real,Yes,10,BrandWell,Real,Yes
C2-81.jpeg,Real,Yes,10,DFDetect,Real,Yes
C3-81.jpeg,Real,Yes,1,FaceOnLive,Real,Yes
C3-81.jpeg,Real,Yes,1,BrandWell,Real,Yes
C3-81.jpeg,Real,Yes,1,DFDetect,Fake,No
82.jpeg,Real,No,30,FaceOnLive,Real,Yes
82.jpeg,Real,No,30,BrandWell,Real,Yes
82.jpeg,Real,No,30,DFDetect,Real,Yes
C1-82.jpeg,Real,Yes,20,FaceOnLive,Real,Yes
C1-82.jpeg,Real,Yes,20,BrandWell,Real,Yes
C1-82.jpeg,Real,Yes,20,DFDetect,Real,Yes
C2-82.jpeg,Real,Yes,10,FaceOnLive,Real,Yes
C2-82.jpeg,Real,Yes,10,BrandWell,Real,Yes
C2-82.jpeg,Real,Yes,10,DFDetect,Real,Yes
C3-82.jpeg,Real,Yes,1,FaceOnLive,Fake,No
C3-82.jpeg,Real,Yes,1,BrandWell,Real,Yes
C3-82.jpeg,Real,Yes,1,DFDetect,Real,Yes
83.jpeg,Real,No,30,FaceOnLive,Real,Yes
83.jpeg,Real,No,30,BrandWell,Fake,No
83.jpeg,Real,No,30,DFDetect,Real,Yes
C1-83.jpeg,Real,Yes,20,FaceOnLive,Real,Yes
C1-83.jpeg,Real,Yes,20,BrandWell,Real,Yes
C1-83.jpeg,Real,Yes,20,DFDetect,Fake,No
C2-83.jpeg,Real,Yes,10,FaceOnLive,Real,Yes
C2-83.jpeg,Real,Yes,10,BrandWell,Real,Yes
C2-83.jpeg,Real,Yes,10,DFDetect,Real,Yes
C3-83.jpeg,Real,Yes,1,FaceOnLive,Real,Yes
C3-83.jpeg,Real,Yes,1,BrandWell,Real,Yes
C3-83.jpeg,Real,Yes,1,DFDetect,Fake,No
84.jpeg,Real,No,30,FaceOnLive,Real,Yes
84.jpeg,Real,No,30,BrandWell,Real,Yes
84.jpeg,Real,No,30,DFDetect,Real,Yes
C1-84.jpeg,Real,Yes,20,FaceOnLive,Real,Yes
C1-84.jpeg,Real,Yes,20,BrandWell,Fake,No
C1-84.jpeg,Real,Yes,20,DFDetect,Fake,No
C2-84.jpeg,Real,Yes,10,FaceOnLive,Real,Yes
C2-84.jpeg,Real,Yes,10,BrandWell,Fake,No
C2-84.jpeg,Real,Yes,10,DFDetect,Fake,No
C3-84.jpeg,Real,Yes,1,FaceOnLive,Real,Yes
C3-84.jpeg,Real,Yes,1,BrandWell,Real,Yes
C3-84.jpeg,Real,Yes,1,DFDetect,Uncertain,No
85.jpeg,Real,No,30,FaceOnLive,Real,Yes
85.jpeg,Real,No,30,BrandWell,Fake,No
85.jpeg,Real,No,30,DFDetect,Real,Yes
C1-85.jpeg,Real,Yes,20,FaceOnLive,Real,Yes
C1-85.jpeg,Real,Yes,20,BrandWell,Fake,No
C1-85.jpeg,Real,Yes,20,DFDetect,Real,Yes
C2-85.jpeg,Real,Yes,10,FaceOnLive,Real,Yes
C2-85.jpeg,Real,Yes,10,BrandWell,Fake,No
C2-85.jpeg,Real,Yes,10,DFDetect,Real,Yes
C3-85.jpeg,Real,Yes,1,FaceOnLive,Real,Yes
C3-85.jpeg,Real,Yes,1,BrandWell,Fake,No
C3-85.jpeg,Real,Yes,1,DFDetect,Uncertain,No
86.jpeg,Real,No,30,FaceOnLive,Real,Yes
86.jpeg,Real,No,30,BrandWell,Real,Yes
86.jpeg,Real,No,30,DFDetect,Real,Yes
C1-86.jpeg,Real,Yes,20,FaceOnLive,Real,Yes
C1-86.jpeg,Real,Yes,20,BrandWell,Real,Yes
C1-86.jpeg,Real,Yes,20,DFDetect,Real,Yes
C2-86.jpeg,Real,Yes,10,FaceOnLive,Real,Yes
C2-86.jpeg,Real,Yes,10,BrandWell,Real,Yes
C2-86.jpeg,Real,Yes,10,DFDetect,Fake,No
C3-86.jpeg,Real,Yes,1,FaceOnLive,Real,Yes
C3-86.jpeg,Real,Yes,1,BrandWell,Real,Yes
C3-86.jpeg,Real,Yes,1,DFDetect,Fake,No
87.jpeg,Real,No,30,FaceOnLive,Real,Yes
87.jpeg,Real,No,30,BrandWell,Fake,No
87.jpeg,Real,No,30,DFDetect,Real,Yes
C1-87.jpeg,Real,Yes,20,FaceOnLive,Real,Yes
C1-87.jpeg,Real,Yes,20,BrandWell,Fake,No
C1-87.jpeg,Real,Yes,20,DFDetect,Fake,No
C2-87.jpeg,Real,Yes,10,FaceOnLive,Uncertain,No
C2-87.jpeg,Real,Yes,10,BrandWell,Fake,No
C2-87.jpeg,Real,Yes,10,DFDetect,Fake,No
C3-87.jpeg,Real,Yes,1,FaceOnLive,Real,Yes
C3-87.jpeg,Real,Yes,1,BrandWell,Fake,No
C3-87.jpeg,Real,Yes,1,DFDetect,Fake,No
88.jpeg,Real,No,30,FaceOnLive,Real,Yes
88.jpeg,Real,No,30,BrandWell,Fake,No
88.jpeg,Real,No,30,DFDetect,Real,Yes
C1-88.jpeg,Real,Yes,20,FaceOnLive,Real,Yes
C1-88.jpeg,Real,Yes,20,BrandWell,Real,Yes
C1-88.jpeg,Real,Yes,20,DFDetect,Real,Yes
C2-88.jpeg,Real,Yes,10,FaceOnLive,Real,Yes
C2-88.jpeg,Real,Yes,10,BrandWell,Real,Yes
C2-88.jpeg,Real,Yes,10,DFDetect,Real,Yes
C3-88.jpeg,Real,Yes,1,FaceOnLive,Real,Yes
C3-88.jpeg,Real,Yes,1,BrandWell,Real,Yes
C3-88.jpeg,Real,Yes,1,DFDetect,Uncertain,No
89.jpeg,Real,No,30,FaceOnLive,Real,Yes
89.jpeg,Real,No,30,BrandWell,Fake,No
89.jpeg,Real,No,30,DFDetect,Real,Yes
C1-89.jpeg,Real,Yes,20,FaceOnLive,Real,Yes
C1-89.jpeg,Real,Yes,20,BrandWell,Real,Yes
C1-89.jpeg,Real,Yes,20,DFDetect,Real,Yes
C2-89.jpeg,Real,Yes,10,FaceOnLive,Real,Yes
C2-89.jpeg,Real,Yes,10,BrandWell,Fake,No
C2-89.jpeg,Real,Yes,10,DFDetect,Real,Yes
C3-89.jpeg,Real,Yes,1,FaceOnLive,Real,Yes
C3-89.jpeg,Real,Yes,1,BrandWell,Fake,No
C3-89.jpeg,Real,Yes,1,DFDetect,Fake,No
90.jpeg,Real,No,30,FaceOnLive,Real,Yes
90.jpeg,Real,No,30,BrandWell,Real,Yes
90.jpeg,Real,No,30,DFDetect,Real,Yes
C1-90.jpeg,Real,Yes,20,FaceOnLive,Real,Yes
C1-90.jpeg,Real,Yes,20,BrandWell,Real,Yes
C1-90.jpeg,Real,Yes,20,DFDetect,Real,Yes
C2-90.jpeg,Real,Yes,10,FaceOnLive,Real,Yes
C2-90.jpeg,Real,Yes,10,BrandWell,Real,Yes
C2-90.jpeg,Real,Yes,10,DFDetect,Real,Yes
C3-90.jpeg,Real,Yes,1,FaceOnLive,Uncertain,No
C3-90.jpeg,Real,Yes,1,BrandWell,Real,Yes
C3-90.jpeg,Real,Yes,1,DFDetect,Uncertain,No
91.jpeg,Real,No,30,FaceOnLive,Real,Yes
91.jpeg,Real,No,30,BrandWell,Fake,No
91.jpeg,Real,No,30,DFDetect,Real,Yes
C1-91.jpeg,Real,Yes,20,FaceOnLive,Real,Yes
C1-91.jpeg,Real,Yes,20,BrandWell,Real,Yes
C1-91.jpeg,Real,Yes,20,DFDetect,Real,Yes
C2-91.jpeg,Real,Yes,10,FaceOnLive,Real,Yes
C2-91.jpeg,Real,Yes,10,BrandWell,Real,Yes
C2-91.jpeg,Real,Yes,10,DFDetect,Fake,No
C3-91.jpeg,Real,Yes,1,FaceOnLive,Real,Yes
C3-91.jpeg,Real,Yes,1,BrandWell,Real,Yes
C3-91.jpeg,Real,Yes,1,DFDetect,Fake,No
92.jpeg,Real,No,30,FaceOnLive,Real,Yes
92.jpeg,Real,No,30,BrandWell,Fake,No
92.jpeg,Real,No,30,DFDetect,Real,Yes
C1-92.jpeg,Real,Yes,20,FaceOnLive,Real,Yes
C1-92.jpeg,Real,Yes,20,BrandWell,Fake,No
C1-92.jpeg,Real,Yes,20,DFDetect,Real,Yes
C2-92.jpeg,Real,Yes,10,FaceOnLive,Real,Yes
C2-92.jpeg,Real,Yes,10,BrandWell,Fake,No
C2-92.jpeg,Real,Yes,10,DFDetect,Real,Yes
C3-92.jpeg,Real,Yes,1,FaceOnLive,Real,Yes
C3-92.jpeg,Real,Yes,1,BrandWell,Real,Yes
C3-92.jpeg,Real,Yes,1,DFDetect,Uncertain,No
93.jpeg,Real,No,30,FaceOnLive,Real,Yes
93.jpeg,Real,No,30,BrandWell,Fake,No
93.jpeg,Real,No,30,DFDetect,Real,Yes
C1-93.jpeg,Real,Yes,20,FaceOnLive,Real,Yes
C1-93.jpeg,Real,Yes,20,BrandWell,Fake,No
C1-93.jpeg,Real,Yes,20,DFDetect,Real,Yes
C2-93.jpeg,Real,Yes,10,FaceOnLive,Real,Yes
C2-93.jpeg,Real,Yes,10,BrandWell,Fake,No
C2-93.jpeg,Real,Yes,10,DFDetect,Real,Yes
C3-93.jpeg,Real,Yes,1,FaceOnLive,Real,Yes
C3-93.jpeg,Real,Yes,1,BrandWell,Real,Yes
C3-93.jpeg,Real,Yes,1,DFDetect,Fake,No
94.jpeg,Real,No,30,FaceOnLive,Real,Yes
94.jpeg,Real,No,30,BrandWell,Fake,No
94.jpeg,Real,No,30,DFDetect,Real,Yes
C1-94.jpeg,Real,Yes,20,FaceOnLive,Real,Yes
C1-94.jpeg,Real,Yes,20,BrandWell,Real,Yes
C1-94.jpeg,Real,Yes,20,DFDetect,Fake,No
C2-94.jpeg,Real,Yes,10,FaceOnLive,Real,Yes
C2-94.jpeg,Real,Yes,10,BrandWell,Real,Yes
C2-94.jpeg,Real,Yes,10,DFDetect,Real,Yes
C3-94.jpeg,Real,Yes,1,FaceOnLive,Real,Yes
C3-94.jpeg,Real,Yes,1,BrandWell,Real,Yes
C3-94.jpeg,Real,Yes,1,DFDetect,Uncertain,No
95.jpeg,Real,No,30,FaceOnLive,Real,Yes
95.jpeg,Real,No,30,BrandWell,Real,Yes
95.jpeg,Real,No,30,DFDetect,Real,Yes
C1-95.jpeg,Real,Yes,20,FaceOnLive,Real,Yes
C1-95.jpeg,Real,Yes,20,BrandWell,Real,Yes
C1-95.jpeg,Real,Yes,20,DFDetect,Real,Yes
C2-95.jpeg,Real,Yes,10,FaceOnLive,Real,Yes
C2-95.jpeg,Real,Yes,10,BrandWell,Real,Yes
C2-95.jpeg,Real,Yes,10,DFDetect,Real,Yes
C3-95.jpeg,Real,Yes,1,FaceOnLive,Real,Yes
C3-95.jpeg,Real,Yes,1,BrandWell,Real,Yes
C3-95.jpeg,Real,Yes,1,DFDetect,Fake,No
96.jpeg,Real,No,30,FaceOnLive,Real,Yes
96.jpeg,Real,No,30,BrandWell,Fake,No
96.jpeg,Real,No,30,DFDetect,Real,Yes
C1-96.jpeg,Real,Yes,20,FaceOnLive,Real,Yes
C1-96.jpeg,Real,Yes,20,BrandWell,Fake,No
C1-96.jpeg,Real,Yes,20,DFDetect,Fake,No
C2-96.jpeg,Real,Yes,10,FaceOnLive,Real,Yes
C2-96.jpeg,Real,Yes,10,BrandWell,Fake,No
C2-96.jpeg,Real,Yes,10,DFDetect,Fake,No
C3-96.jpeg,Real,Yes,1,FaceOnLive,Real,Yes
C3-96.jpeg,Real,Yes,1,BrandWell,Fake,No
C3-96.jpeg,Real,Yes,1,DFDetect,Fake,No
97.jpeg,Real,No,30,FaceOnLive,Real,Yes
97.jpeg,Real,No,30,BrandWell,Real,Yes
97.jpeg,Real,No,30,DFDetect,Real,Yes
C1-97.jpeg,Real,Yes,20,FaceOnLive,Real,Yes
C1-97.jpeg,Real,Yes,20,BrandWell,Real,Yes
C1-97.jpeg,Real,Yes,20,DFDetect,Real,Yes
C2-97.jpeg,Real,Yes,10,FaceOnLive,Real,Yes
C2-97.jpeg,Real,Yes,10,BrandWell,Real,Yes
C2-97.jpeg,Real,Yes,10,DFDetect,Real,Yes
C3-97.jpeg,Real,Yes,1,FaceOnLive,Real,Yes
C3-97.jpeg,Real,Yes,1,BrandWell,Real,Yes
C3-97.jpeg,Real,Yes,1,DFDetect,Fake,No
98.jpeg,Real,No,30,FaceOnLive,Real,Yes
98.jpeg,Real,No,30,BrandWell,Fake,No
98.jpeg,Real,No,30,DFDetect,Real,Yes
C1-98.jpeg,Real,Yes,20,FaceOnLive,Real,Yes
C1-98.jpeg,Real,Yes,20,BrandWell,Real,Yes
C1-98.jpeg,Real,Yes,20,DFDetect,Real,Yes
C2-98.jpeg,Real,Yes,10,FaceOnLive,Real,Yes
C2-98.jpeg,Real,Yes,10,BrandWell,Real,Yes
C2-98.jpeg,Real,Yes,10,DFDetect,Fake,No
C3-98.jpeg,Real,Yes,1,FaceOnLive,Real,Yes
C3-98.jpeg,Real,Yes,1,BrandWell,Real,Yes
C3-98.jpeg,Real,Yes,1,DFDetect,Uncertain,No
99.jpeg,Real,No,30,FaceOnLive,Real,Yes
99.jpeg,Real,No,30,BrandWell,Fake,No
99.jpeg,Real,No,30,DFDetect,Real,Yes
C1-99.jpeg,Real,Yes,20,FaceOnLive,Fake,No
C1-99.jpeg,Real,Yes,20,BrandWell,Fake,No
C1-99.jpeg,Real,Yes,20,DFDetect,Real,Yes
C2-99.jpeg,Real,Yes,10,FaceOnLive,Fake,No
C2-99.jpeg,Real,Yes,10,BrandWell,Real,Yes
C2-99.jpeg,Real,Yes,10,DFDetect,Real,Yes
C3-99.jpeg,Real,Yes,1,FaceOnLive,Real,Yes
C3-99.jpeg,Real,Yes,1,BrandWell,Real,Yes
C3-99.jpeg,Real,Yes,1,DFDetect,Real,Yes
100.jpeg,Real,No,30,FaceOnLive,Real,Yes
100.jpeg,Real,No,30,BrandWell,Real,Yes
100.jpeg,Real,No,30,DFDetect,Real,Yes
C1-100.jpeg,Real,Yes,20,FaceOnLive,Real,Yes
C1-100.jpeg,Real,Yes,20,BrandWell,Real,Yes
C1-100.jpeg,Real,Yes,20,DFDetect,Uncertain,No
C2-100.jpeg,Real,Yes,10,FaceOnLive,Real,Yes
C2-100.jpeg,Real,Yes,10,BrandWell,Real,Yes
C2-100.jpeg,Real,Yes,10,DFDetect,Uncertain,No
C3-100.jpeg,Real,Yes,1,FaceOnLive,Uncertain,No
C3-100.jpeg,Real,Yes,1,BrandWell,Real,Yes
C3-100.jpeg,Real,Yes,1,DFDetect,Uncertain,No
101.jpeg,Fake,No,30,FaceOnLive,Fake,Yes
101.jpeg,Fake,No,30,BrandWell,Fake,Yes
101.jpeg,Fake,No,30,DFDetect,Real,No
C1-101.jpeg,Fake,Yes,20,FaceOnLive,Fake,Yes
C1-101.jpeg,Fake,Yes,20,BrandWell,Fake,Yes
C1-101.jpeg,Fake,Yes,20,DFDetect,Real,No
C2-101.jpeg,Fake,Yes,10,FaceOnLive,Real,No
C2-101.jpeg,Fake,Yes,10,BrandWell,Real,No
C2-101.jpeg,Fake,Yes,10,DFDetect,Fake,Yes
C3-101.jpeg,Fake,Yes,1,FaceOnLive,Real,No
C3-101.jpeg,Fake,Yes,1,BrandWell,Real,No
C3-101.jpeg,Fake,Yes,1,DFDetect,Uncertain,No
102.jpeg,Fake,No,30,FaceOnLive,Fake,Yes
102.jpeg,Fake,No,30,BrandWell,Fake,Yes
102.jpeg,Fake,No,30,DFDetect,Real,No
C1-102.jpeg,Fake,Yes,20,FaceOnLive,Fake,Yes
C1-102.jpeg,Fake,Yes,20,BrandWell,Real,No
C1-102.jpeg,Fake,Yes,20,DFDetect,Fake,Yes
C2-102.jpeg,Fake,Yes,10,FaceOnLive,Fake,Yes
C2-102.jpeg,Fake,Yes,10,BrandWell,Real,No
C2-102.jpeg,Fake,Yes,10,DFDetect,Fake,Yes
C3-102.jpeg,Fake,Yes,1,FaceOnLive,Uncertain,No
C3-102.jpeg,Fake,Yes,1,BrandWell,Real,No
C3-102.jpeg,Fake,Yes,1,DFDetect,Fake,Yes
103.jpeg,Fake,No,30,FaceOnLive,Fake,Yes
103.jpeg,Fake,No,30,BrandWell,Real,No
103.jpeg,Fake,No,30,DFDetect,Real,No
C1-103.jpeg,Fake,Yes,20,FaceOnLive,Fake,Yes
C1-103.jpeg,Fake,Yes,20,BrandWell,Real,No
C1-103.jpeg,Fake,Yes,20,DFDetect,Real,No
C2-103.jpeg,Fake,Yes,10,FaceOnLive,Fake,Yes
C2-103.jpeg,Fake,Yes,10,BrandWell,Real,No
C2-103.jpeg,Fake,Yes,10,DFDetect,Real,No
C3-103.jpeg,Fake,Yes,1,FaceOnLive,Real,No
C3-103.jpeg,Fake,Yes,1,BrandWell,Real,No
C3-103.jpeg,Fake,Yes,1,DFDetect,Fake,Yes
104.jpeg,Fake,No,30,FaceOnLive,Fake,Yes
104.jpeg,Fake,No,30,BrandWell,Real,No
104.jpeg,Fake,No,30,DFDetect,Real,No
C1-104.jpeg,Fake,Yes,20,FaceOnLive,Fake,Yes
C1-104.jpeg,Fake,Yes,20,BrandWell,Real,No
C1-104.jpeg,Fake,Yes,20,DFDetect,Fake,Yes
C2-104.jpeg,Fake,Yes,10,FaceOnLive,Fake,Yes
C2-104.jpeg,Fake,Yes,10,BrandWell,Real,No
C2-104.jpeg,Fake,Yes,10,DFDetect,Fake,Yes
C3-104.jpeg,Fake,Yes,1,FaceOnLive,Uncertain,No
C3-104.jpeg,Fake,Yes,1,BrandWell,Real,No
C3-104.jpeg,Fake,Yes,1,DFDetect,Fake,Yes
105.jpeg,Fake,No,30,FaceOnLive,Fake,Yes
105.jpeg,Fake,No,30,BrandWell,Fake,Yes
105.jpeg,Fake,No,30,DFDetect,Real,No
C1-105.jpeg,Fake,Yes,20,FaceOnLive,Fake,Yes
C1-105.jpeg,Fake,Yes,20,BrandWell,Real,No
C1-105.jpeg,Fake,Yes,20,DFDetect,Uncertain,No
C2-105.jpeg,Fake,Yes,10,FaceOnLive,Real,No
C2-105.jpeg,Fake,Yes,10,BrandWell,Real,No
C2-105.jpeg,Fake,Yes,10,DFDetect,Real,No
C3-105.jpeg,Fake,Yes,1,FaceOnLive,Real,No
C3-105.jpeg,Fake,Yes,1,BrandWell,Real,No
C3-105.jpeg,Fake,Yes,1,DFDetect,Real,No
106.jpeg,Fake,No,30,FaceOnLive,Fake,Yes
106.jpeg,Fake,No,30,BrandWell,Real,No
106.jpeg,Fake,No,30,DFDetect,Real,No
C1-106.jpeg,Fake,Yes,20,FaceOnLive,Fake,Yes
C1-106.jpeg,Fake,Yes,20,BrandWell,Real,No
C1-106.jpeg,Fake,Yes,20,DFDetect,Real,No
C2-106.jpeg,Fake,Yes,10,FaceOnLive,Fake,Yes
C2-106.jpeg,Fake,Yes,10,BrandWell,Real,No
C2-106.jpeg,Fake,Yes,10,DFDetect,Real,No
C3-106.jpeg,Fake,Yes,1,FaceOnLive,Real,No
C3-106.jpeg,Fake,Yes,1,BrandWell,Real,No
C3-106.jpeg,Fake,Yes,1,DFDetect,Real,No
107.jpeg,Fake,No,30,FaceOnLive,Fake,Yes
107.jpeg,Fake,No,30,BrandWell,Real,No
107.jpeg,Fake,No,30,DFDetect,Real,No
C1-107.jpeg,Fake,Yes,20,FaceOnLive,Fake,Yes
C1-107.jpeg,Fake,Yes,20,BrandWell,Real,No
C1-107.jpeg,Fake,Yes,20,DFDetect,Real,No
C2-107.jpeg,Fake,Yes,10,FaceOnLive,Fake,Yes
C2-107.jpeg,Fake,Yes,10,BrandWell,Real,No
C2-107.jpeg,Fake,Yes,10,DFDetect,Real,No
C3-107.jpeg,Fake,Yes,1,FaceOnLive,Real,No
C3-107.jpeg,Fake,Yes,1,BrandWell,Real,No
C3-107.jpeg,Fake,Yes,1,DFDetect,Fake,Yes
108.jpeg,Fake,No,30,FaceOnLive,Fake,Yes
108.jpeg,Fake,No,30,BrandWell,Fake,Yes
108.jpeg,Fake,No,30,DFDetect,Real,No
C1-108.jpeg,Fake,Yes,20,FaceOnLive,Fake,Yes
C1-108.jpeg,Fake,Yes,20,BrandWell,Fake,Yes
C1-108.jpeg,Fake,Yes,20,DFDetect,Real,No
C2-108.jpeg,Fake,Yes,10,FaceOnLive,Fake,Yes
C2-108.jpeg,Fake,Yes,10,BrandWell,Fake,Yes
C2-108.jpeg,Fake,Yes,10,DFDetect,Real,No
C3-108.jpeg,Fake,Yes,1,FaceOnLive,Uncertain,No
C3-108.jpeg,Fake,Yes,1,BrandWell,Fake,Yes
C3-108.jpeg,Fake,Yes,1,DFDetect,Uncertain,No
109.jpeg,Fake,No,30,FaceOnLive,Fake,Yes
109.jpeg,Fake,No,30,BrandWell,Real,No
109.jpeg,Fake,No,30,DFDetect,Real,No
C1-109.jpeg,Fake,Yes,20,FaceOnLive,Fake,Yes
C1-109.jpeg,Fake,Yes,20,BrandWell,Real,No
C1-109.jpeg,Fake,Yes,20,DFDetect,Fake,Yes
C2-109.jpeg,Fake,Yes,10,FaceOnLive,Fake,Yes
C2-109.jpeg,Fake,Yes,10,BrandWell,Real,No
C2-109.jpeg,Fake,Yes,10,DFDetect,Fake,Yes
C3-109.jpeg,Fake,Yes,1,FaceOnLive,Real,No
C3-109.jpeg,Fake,Yes,1,BrandWell,Real,No
C3-109.jpeg,Fake,Yes,1,DFDetect,Fake,Yes
110.jpeg,Fake,No,30,FaceOnLive,Uncertain,No
110.jpeg,Fake,No,30,BrandWell,Fake,Yes
110.jpeg,Fake,No,30,DFDetect,Real,No
C1-110.jpeg,Fake,Yes,20,FaceOnLive,Real,No
C1-110.jpeg,Fake,Yes,20,BrandWell,Real,No
C1-110.jpeg,Fake,Yes,20,DFDetect,Real,No
C2-110.jpeg,Fake,Yes,10,FaceOnLive,Real,No
C2-110.jpeg,Fake,Yes,10,BrandWell,Real,No
C2-110.jpeg,Fake,Yes,10,DFDetect,Fake,Yes
C3-110.jpeg,Fake,Yes,1,FaceOnLive,Fake,Yes
C3-110.jpeg,Fake,Yes,1,BrandWell,Real,No
C3-110.jpeg,Fake,Yes,1,DFDetect,Fake,Yes
111.jpeg,Fake,No,30,FaceOnLive,Fake,Yes
111.jpeg,Fake,No,30,BrandWell,Real,No
111.jpeg,Fake,No,30,DFDetect,Real,No
C1-111.jpeg,Fake,Yes,20,FaceOnLive,Real,No
C1-111.jpeg,Fake,Yes,20,BrandWell,Real,No
C1-111.jpeg,Fake,Yes,20,DFDetect,Real,No
C2-111.jpeg,Fake,Yes,10,FaceOnLive,Real,No
C2-111.jpeg,Fake,Yes,10,BrandWell,Real,No
C2-111.jpeg,Fake,Yes,10,DFDetect,Uncertain,No
C3-111.jpeg,Fake,Yes,1,FaceOnLive,Uncertain,No
C3-111.jpeg,Fake,Yes,1,BrandWell,Real,No
C3-111.jpeg,Fake,Yes,1,DFDetect,Uncertain,No
112.jpeg,Fake,No,30,FaceOnLive,Fake,Yes
112.jpeg,Fake,No,30,BrandWell,Real,No
112.jpeg,Fake,No,30,DFDetect,Real,No
C1-112.jpeg,Fake,Yes,20,FaceOnLive,Fake,Yes
C1-112.jpeg,Fake,Yes,20,BrandWell,Real,No
C1-112.jpeg,Fake,Yes,20,DFDetect,Real,No
C2-112.jpeg,Fake,Yes,10,FaceOnLive,Real,No
C2-112.jpeg,Fake,Yes,10,BrandWell,Real,No
C2-112.jpeg,Fake,Yes,10,DFDetect,Fake,Yes
C3-112.jpeg,Fake,Yes,1,FaceOnLive,Real,No
C3-112.jpeg,Fake,Yes,1,BrandWell,Real,No
C3-112.jpeg,Fake,Yes,1,DFDetect,Fake,Yes
113.jpeg,Fake,No,30,FaceOnLive,Fake,Yes
113.jpeg,Fake,No,30,BrandWell,Real,No
113.jpeg,Fake,No,30,DFDetect,Real,No
C1-113.jpeg,Fake,Yes,20,FaceOnLive,Fake,Yes
C1-113.jpeg,Fake,Yes,20,BrandWell,Real,No
C1-113.jpeg,Fake,Yes,20,DFDetect,Real,No
C2-113.jpeg,Fake,Yes,10,FaceOnLive,Fake,Yes
C2-113.jpeg,Fake,Yes,10,BrandWell,Real,No
C2-113.jpeg,Fake,Yes,10,DFDetect,Real,No
C3-113.jpeg,Fake,Yes,1,FaceOnLive,Uncertain,No
C3-113.jpeg,Fake,Yes,1,BrandWell,Real,No
C3-113.jpeg,Fake,Yes,1,DFDetect,Fake,Yes
114.jpeg,Fake,No,30,FaceOnLive,Fake,Yes
114.jpeg,Fake,No,30,BrandWell,Fake,Yes
114.jpeg,Fake,No,30,DFDetect,Real,No
C1-114.jpeg,Fake,Yes,20,FaceOnLive,Fake,Yes
C1-114.jpeg,Fake,Yes,20,BrandWell,Fake,Yes
C1-114.jpeg,Fake,Yes,20,DFDetect,Real,No
C2-114.jpeg,Fake,Yes,10,FaceOnLive,Fake,Yes
C2-114.jpeg,Fake,Yes,10,BrandWell,Real,No
C2-114.jpeg,Fake,Yes,10,DFDetect,Real,No
C3-114.jpeg,Fake,Yes,1,FaceOnLive,Real,No
C3-114.jpeg,Fake,Yes,1,BrandWell,Real,No
C3-114.jpeg,Fake,Yes,1,DFDetect,Real,No
115.jpeg,Fake,No,30,FaceOnLive,Fake,Yes
115.jpeg,Fake,No,30,BrandWell,Real,No
115.jpeg,Fake,No,30,DFDetect,Real,No
C1-115.jpeg,Fake,Yes,20,FaceOnLive,Real,No
C1-115.jpeg,Fake,Yes,20,BrandWell,Real,No
C1-115.jpeg,Fake,Yes,20,DFDetect,Real,No
C2-115.jpeg,Fake,Yes,10,FaceOnLive,Real,No
C2-115.jpeg,Fake,Yes,10,BrandWell,Real,No
C2-115.jpeg,Fake,Yes,10,DFDetect,Real,No
C3-115.jpeg,Fake,Yes,1,FaceOnLive,Uncertain,No
C3-115.jpeg,Fake,Yes,1,BrandWell,Real,No
C3-115.jpeg,Fake,Yes,1,DFDetect,Fake,Yes
116.jpeg,Fake,No,30,FaceOnLive,Fake,Yes
116.jpeg,Fake,No,30,BrandWell,Real,No
116.jpeg,Fake,No,30,DFDetect,Real,No
C1-116.jpeg,Fake,Yes,20,FaceOnLive,Real,No
C1-116.jpeg,Fake,Yes,20,BrandWell,Real,No
C1-116.jpeg,Fake,Yes,20,DFDetect,Real,No
C2-116.jpeg,Fake,Yes,10,FaceOnLive,Real,No
C2-116.jpeg,Fake,Yes,10,BrandWell,Real,No
C2-116.jpeg,Fake,Yes,10,DFDetect,Real,No
C3-116.jpeg,Fake,Yes,1,FaceOnLive,Real,No
C3-116.jpeg,Fake,Yes,1,BrandWell,Real,No
C3-116.jpeg,Fake,Yes,1,DFDetect,Fake,Yes
117.jpeg,Fake,No,30,FaceOnLive,Fake,Yes
117.jpeg,Fake,No,30,BrandWell,Real,No
117.jpeg,Fake,No,30,DFDetect,Real,No
C1-117.jpeg,Fake,Yes,20,FaceOnLive,Fake,Yes
C1-117.jpeg,Fake,Yes,20,BrandWell,Real,No
C1-117.jpeg,Fake,Yes,20,DFDetect,Real,No
C2-117.jpeg,Fake,Yes,10,FaceOnLive,Fake,Yes
C2-117.jpeg,Fake,Yes,10,BrandWell,Real,No
C2-117.jpeg,Fake,Yes,10,DFDetect,Real,No
C3-117.jpeg,Fake,Yes,1,FaceOnLive,Uncertain,No
C3-117.jpeg,Fake,Yes,1,BrandWell,Real,No
C3-117.jpeg,Fake,Yes,1,DFDetect,Uncertain,No
118.jpeg,Fake,No,30,FaceOnLive,Fake,Yes
118.jpeg,Fake,No,30,BrandWell,Real,No
118.jpeg,Fake,No,30,DFDetect,Fake,Yes
C1-118.jpeg,Fake,Yes,20,FaceOnLive,Fake,Yes
C1-118.jpeg,Fake,Yes,20,BrandWell,Real,No
C1-118.jpeg,Fake,Yes,20,DFDetect,Fake,Yes
C2-118.jpeg,Fake,Yes,10,FaceOnLive,Fake,Yes
C2-118.jpeg,Fake,Yes,10,BrandWell,Real,No
C2-118.jpeg,Fake,Yes,10,DFDetect,Fake,Yes
C3-118.jpeg,Fake,Yes,1,FaceOnLive,Real,No
C3-118.jpeg,Fake,Yes,1,BrandWell,Real,No
C3-118.jpeg,Fake,Yes,1,DFDetect,Fake,Yes
119.jpeg,Fake,No,30,FaceOnLive,Fake,Yes
119.jpeg,Fake,No,30,BrandWell,Real,No
119.jpeg,Fake,No,30,DFDetect,Real,No
C1-119.jpeg,Fake,Yes,20,FaceOnLive,Fake,Yes
C1-119.jpeg,Fake,Yes,20,BrandWell,Real,No
C1-119.jpeg,Fake,Yes,20,DFDetect,Fake,Yes
C2-119.jpeg,Fake,Yes,10,FaceOnLive,Fake,Yes
C2-119.jpeg,Fake,Yes,10,BrandWell,Real,No
C2-119.jpeg,Fake,Yes,10,DFDetect,Real,No
C3-119.jpeg,Fake,Yes,1,FaceOnLive,Uncertain,No
C3-119.jpeg,Fake,Yes,1,BrandWell,Real,No
C3-119.jpeg,Fake,Yes,1,DFDetect,Uncertain,No
120.jpeg,Fake,No,30,FaceOnLive,Fake,Yes
120.jpeg,Fake,No,30,BrandWell,Real,No
120.jpeg,Fake,No,30,DFDetect,Real,No
C1-120.jpeg,Fake,Yes,20,FaceOnLive,Fake,Yes
C1-120.jpeg,Fake,Yes,20,BrandWell,Real,No
C1-120.jpeg,Fake,Yes,20,DFDetect,Fake,Yes
C2-120.jpeg,Fake,Yes,10,FaceOnLive,Fake,Yes
C2-120.jpeg,Fake,Yes,10,BrandWell,Real,No
C2-120.jpeg,Fake,Yes,10,DFDetect,Fake,Yes
C3-120.jpeg,Fake,Yes,1,FaceOnLive,Fake,Yes
C3-120.jpeg,Fake,Yes,1,BrandWell,Real,No
C3-120.jpeg,Fake,Yes,1,DFDetect,Real,No
121.jpeg,Fake,No,30,FaceOnLive,Fake,Yes
121.jpeg,Fake,No,30,BrandWell,Fake,Yes
121.jpeg,Fake,No,30,DFDetect,Real,No
C1-121.jpeg,Fake,Yes,20,FaceOnLive,Fake,Yes
C1-121.jpeg,Fake,Yes,20,BrandWell,Real,No
C1-121.jpeg,Fake,Yes,20,DFDetect,Real,No
C2-121.jpeg,Fake,Yes,10,FaceOnLive,Fake,Yes
C2-121.jpeg,Fake,Yes,10,BrandWell,Real,No
C2-121.jpeg,Fake,Yes,10,DFDetect,Real,No
C3-121.jpeg,Fake,Yes,1,FaceOnLive,Real,No
C3-121.jpeg,Fake,Yes,1,BrandWell,Real,No
C3-121.jpeg,Fake,Yes,1,DFDetect,Fake,Yes
122.jpeg,Fake,No,30,FaceOnLive,Fake,Yes
122.jpeg,Fake,No,30,BrandWell,Fake,Yes
122.jpeg,Fake,No,30,DFDetect,Real,No
C1-122.jpeg,Fake,Yes,20,FaceOnLive,Real,No
C1-122.jpeg,Fake,Yes,20,BrandWell,Real,No
C1-122.jpeg,Fake,Yes,20,DFDetect,Real,No
C2-122.jpeg,Fake,Yes,10,FaceOnLive,Fake,Yes
C2-122.jpeg,Fake,Yes,10,BrandWell,Real,No
C2-122.jpeg,Fake,Yes,10,DFDetect,Fake,Yes
C3-122.jpeg,Fake,Yes,1,FaceOnLive,Real,No
C3-122.jpeg,Fake,Yes,1,BrandWell,Real,No
C3-122.jpeg,Fake,Yes,1,DFDetect,Fake,Yes
123.jpeg,Fake,No,30,FaceOnLive,Fake,Yes
123.jpeg,Fake,No,30,BrandWell,Real,No
123.jpeg,Fake,No,30,DFDetect,Real,No
C1-123.jpeg,Fake,Yes,20,FaceOnLive,Fake,Yes
C1-123.jpeg,Fake,Yes,20,BrandWell,Real,No
C1-123.jpeg,Fake,Yes,20,DFDetect,Fake,Yes
C2-123.jpeg,Fake,Yes,10,FaceOnLive,Fake,Yes
C2-123.jpeg,Fake,Yes,10,BrandWell,Real,No
C2-123.jpeg,Fake,Yes,10,DFDetect,Fake,Yes
C3-123.jpeg,Fake,Yes,1,FaceOnLive,Real,No
C3-123.jpeg,Fake,Yes,1,BrandWell,Real,No
C3-123.jpeg,Fake,Yes,1,DFDetect,Uncertain,No
124.jpeg,Fake,No,30,FaceOnLive,Fake,Yes
124.jpeg,Fake,No,30,BrandWell,Fake,Yes
124.jpeg,Fake,No,30,DFDetect,Real,No
C1-124.jpeg,Fake,Yes,20,FaceOnLive,Fake,Yes
C1-124.jpeg,Fake,Yes,20,BrandWell,Real,No
C1-124.jpeg,Fake,Yes,20,DFDetect,Real,No
C2-124.jpeg,Fake,Yes,10,FaceOnLive,Fake,Yes
C2-124.jpeg,Fake,Yes,10,BrandWell,Fake,Yes
C2-124.jpeg,Fake,Yes,10,DFDetect,Real,No
C3-124.jpeg,Fake,Yes,1,FaceOnLive,Real,No
C3-124.jpeg,Fake,Yes,1,BrandWell,Real,No
C3-124.jpeg,Fake,Yes,1,DFDetect,Real,No
125.jpeg,Fake,No,30,FaceOnLive,Fake,Yes
125.jpeg,Fake,No,30,BrandWell,Real,No
125.jpeg,Fake,No,30,DFDetect,Real,No
C1-125.jpeg,Fake,Yes,20,FaceOnLive,Fake,Yes
C1-125.jpeg,Fake,Yes,20,BrandWell,Real,No
C1-125.jpeg,Fake,Yes,20,DFDetect,Real,No
C2-125.jpeg,Fake,Yes,10,FaceOnLive,Real,No
C2-125.jpeg,Fake,Yes,10,BrandWell,Real,No
C2-125.jpeg,Fake,Yes,10,DFDetect,Real,No
C3-125.jpeg,Fake,Yes,1,FaceOnLive,Real,No
C3-125.jpeg,Fake,Yes,1,BrandWell,Real,No
C3-125.jpeg,Fake,Yes,1,DFDetect,Fake,Yes
126.jpeg,Fake,No,30,FaceOnLive,Fake,Yes
126.jpeg,Fake,No,30,BrandWell,Fake,Yes
126.jpeg,Fake,No,30,DFDetect,Real,No
C1-126.jpeg,Fake,Yes,20,FaceOnLive,Fake,Yes
C1-126.jpeg,Fake,Yes,20,BrandWell,Fake,Yes
C1-126.jpeg,Fake,Yes,20,DFDetect,Real,No
C2-126.jpeg,Fake,Yes,10,FaceOnLive,Uncertain,No
C2-126.jpeg,Fake,Yes,10,BrandWell,Fake,Yes
C2-126.jpeg,Fake,Yes,10,DFDetect,Real,No
C3-126.jpeg,Fake,Yes,1,FaceOnLive,Real,No
C3-126.jpeg,Fake,Yes,1,BrandWell,Fake,Yes
C3-126.jpeg,Fake,Yes,1,DFDetect,Real,No
127.jpeg,Fake,No,30,FaceOnLive,Fake,Yes
127.jpeg,Fake,No,30,BrandWell,Fake,Yes
127.jpeg,Fake,No,30,DFDetect,Real,No
C1-127.jpeg,Fake,Yes,20,FaceOnLive,Real,No
C1-127.jpeg,Fake,Yes,20,BrandWell,Fake,Yes
C1-127.jpeg,Fake,Yes,20,DFDetect,Real,No
C2-127.jpeg,Fake,Yes,10,FaceOnLive,Real,No
C2-127.jpeg,Fake,Yes,10,BrandWell,Fake,Yes
C2-127.jpeg,Fake,Yes,10,DFDetect,Real,No
C3-127.jpeg,Fake,Yes,1,FaceOnLive,Real,No
C3-127.jpeg,Fake,Yes,1,BrandWell,Fake,Yes
C3-127.jpeg,Fake,Yes,1,DFDetect,Fake,Yes
128.jpeg,Fake,No,30,FaceOnLive,Fake,Yes
128.jpeg,Fake,No,30,BrandWell,Fake,Yes
128.jpeg,Fake,No,30,DFDetect,Real,No
C1-128.jpeg,Fake,Yes,20,FaceOnLive,Fake,Yes
C1-128.jpeg,Fake,Yes,20,BrandWell,Real,No
C1-128.jpeg,Fake,Yes,20,DFDetect,Real,No
C2-128.jpeg,Fake,Yes,10,FaceOnLive,Fake,Yes
C2-128.jpeg,Fake,Yes,10,BrandWell,Real,No
C2-128.jpeg,Fake,Yes,10,DFDetect,Real,No
C3-128.jpeg,Fake,Yes,1,FaceOnLive,Real,No
C3-128.jpeg,Fake,Yes,1,BrandWell,Real,No
C3-128.jpeg,Fake,Yes,1,DFDetect,Fake,Yes
129.jpeg,Fake,No,30,FaceOnLive,Fake,Yes
129.jpeg,Fake,No,30,BrandWell,Fake,Yes
129.jpeg,Fake,No,30,DFDetect,Real,No
C1-129.jpeg,Fake,Yes,20,FaceOnLive,Fake,Yes
C1-129.jpeg,Fake,Yes,20,BrandWell,Real,No
C1-129.jpeg,Fake,Yes,20,DFDetect,Real,No
C2-129.jpeg,Fake,Yes,10,FaceOnLive,Fake,Yes
C2-129.jpeg,Fake,Yes,10,BrandWell,Real,No
C2-129.jpeg,Fake,Yes,10,DFDetect,Fake,Yes
C3-129.jpeg,Fake,Yes,1,FaceOnLive,Real,No
C3-129.jpeg,Fake,Yes,1,BrandWell,Real,No
C3-129.jpeg,Fake,Yes,1,DFDetect,Real,No
130.jpeg,Fake,No,30,FaceOnLive,Fake,Yes
130.jpeg,Fake,No,30,BrandWell,Real,No
130.jpeg,Fake,No,30,DFDetect,Real,No
C1-130.jpeg,Fake,Yes,20,FaceOnLive,Fake,Yes
C1-130.jpeg,Fake,Yes,20,BrandWell,Real,No
C1-130.jpeg,Fake,Yes,20,DFDetect,Fake,Yes
C2-130.jpeg,Fake,Yes,10,FaceOnLive,Fake,Yes
C2-130.jpeg,Fake,Yes,10,BrandWell,Real,No
C2-130.jpeg,Fake,Yes,10,DFDetect,Fake,Yes
C3-130.jpeg,Fake,Yes,1,FaceOnLive,Real,No
C3-130.jpeg,Fake,Yes,1,BrandWell,Real,No
C3-130.jpeg,Fake,Yes,1,DFDetect,Fake,Yes
131.jpeg,Fake,No,30,FaceOnLive,Fake,Yes
131.jpeg,Fake,No,30,BrandWell,Fake,Yes
131.jpeg,Fake,No,30,DFDetect,Fake,Yes
C1-131.jpeg,Fake,Yes,20,FaceOnLive,Fake,Yes
C1-131.jpeg,Fake,Yes,20,BrandWell,Fake,Yes
C1-131.jpeg,Fake,Yes,20,DFDetect,Fake,Yes
C2-131.jpeg,Fake,Yes,10,FaceOnLive,Fake,Yes
C2-131.jpeg,Fake,Yes,10,BrandWell,Real,No
C2-131.jpeg,Fake,Yes,10,DFDetect,Real,No
C3-131.jpeg,Fake,Yes,1,FaceOnLive,Real,No
C3-131.jpeg,Fake,Yes,1,BrandWell,Real,No
C3-131.jpeg,Fake,Yes,1,DFDetect,Uncertain,No
132.jpeg,Fake,No,30,FaceOnLive,Real,No
132.jpeg,Fake,No,30,BrandWell,Fake,Yes
132.jpeg,Fake,No,30,DFDetect,Real,No
C1-132.jpeg,Fake,Yes,20,FaceOnLive,Fake,Yes
C1-132.jpeg,Fake,Yes,20,BrandWell,Real,No
C1-132.jpeg,Fake,Yes,20,DFDetect,Real,No
C2-132.jpeg,Fake,Yes,10,FaceOnLive,Fake,Yes
C2-132.jpeg,Fake,Yes,10,BrandWell,Real,No
C2-132.jpeg,Fake,Yes,10,DFDetect,Real,No
C3-132.jpeg,Fake,Yes,1,FaceOnLive,Real,No
C3-132.jpeg,Fake,Yes,1,BrandWell,Real,No
C3-132.jpeg,Fake,Yes,1,DFDetect,Real,No
133.jpeg,Fake,No,30,FaceOnLive,Fake,Yes
133.jpeg,Fake,No,30,BrandWell,Real,No
133.jpeg,Fake,No,30,DFDetect,Real,No
C1-133.jpeg,Fake,Yes,20,FaceOnLive,Fake,Yes
C1-133.jpeg,Fake,Yes,20,BrandWell,Real,No
C1-133.jpeg,Fake,Yes,20,DFDetect,Real,No
C2-133.jpeg,Fake,Yes,10,FaceOnLive,Fake,Yes
C2-133.jpeg,Fake,Yes,10,BrandWell,Real,No
C2-133.jpeg,Fake,Yes,10,DFDetect,Real,No
C3-133.jpeg,Fake,Yes,1,FaceOnLive,Fake,Yes
C3-133.jpeg,Fake,Yes,1,BrandWell,Real,No
C3-133.jpeg,Fake,Yes,1,DFDetect,Fake,Yes
134.jpeg,Fake,No,30,FaceOnLive,Fake,Yes
134.jpeg,Fake,No,30,BrandWell,Fake,Yes
134.jpeg,Fake,No,30,DFDetect,Real,No
C1-134.jpeg,Fake,Yes,20,FaceOnLive,Real,No
C1-134.jpeg,Fake,Yes,20,BrandWell,Fake,Yes
C1-134.jpeg,Fake,Yes,20,DFDetect,Real,No
C2-134.jpeg,Fake,Yes,10,FaceOnLive,Real,No
C2-134.jpeg,Fake,Yes,10,BrandWell,Fake,Yes
C2-134.jpeg,Fake,Yes,10,DFDetect,Real,No
C3-134.jpeg,Fake,Yes,1,FaceOnLive,Real,No
C3-134.jpeg,Fake,Yes,1,BrandWell,Real,No
C3-134.jpeg,Fake,Yes,1,DFDetect,Real,No
135.jpeg,Fake,No,30,FaceOnLive,Real,No
135.jpeg,Fake,No,30,BrandWell,Fake,Yes
135.jpeg,Fake,No,30,DFDetect,Real,No
C1-135.jpeg,Fake,Yes,20,FaceOnLive,Uncertain,No
C1-135.jpeg,Fake,Yes,20,BrandWell,Real,No
C1-135.jpeg,Fake,Yes,20,DFDetect,Fake,Yes
C2-135.jpeg,Fake,Yes,10,FaceOnLive,Real,No
C2-135.jpeg,Fake,Yes,10,BrandWell,Real,No
C2-135.jpeg,Fake,Yes,10,DFDetect,Real,No
C3-135.jpeg,Fake,Yes,1,FaceOnLive,Uncertain,No
C3-135.jpeg,Fake,Yes,1,BrandWell,Real,No
C3-135.jpeg,Fake,Yes,1,DFDetect,Uncertain,No
136.jpeg,Fake,No,30,FaceOnLive,Fake,Yes
136.jpeg,Fake,No,30,BrandWell,Real,No
136.jpeg,Fake,No,30,DFDetect,Real,No
C1-136.jpeg,Fake,Yes,20,FaceOnLive,Fake,Yes
C1-136.jpeg,Fake,Yes,20,BrandWell,Real,No
C1-136.jpeg,Fake,Yes,20,DFDetect,Real,No
C2-136.jpeg,Fake,Yes,10,FaceOnLive,Fake,Yes
C2-136.jpeg,Fake,Yes,10,BrandWell,Real,No
C2-136.jpeg,Fake,Yes,10,DFDetect,Fake,Yes
C3-136.jpeg,Fake,Yes,1,FaceOnLive,Uncertain,No
C3-136.jpeg,Fake,Yes,1,BrandWell,Real,No
C3-136.jpeg,Fake,Yes,1,DFDetect,Uncertain,No
137.jpeg,Fake,No,30,FaceOnLive,Fake,Yes
137.jpeg,Fake,No,30,BrandWell,Real,No
137.jpeg,Fake,No,30,DFDetect,Real,No
C1-137.jpeg,Fake,Yes,20,FaceOnLive,Fake,Yes
C1-137.jpeg,Fake,Yes,20,BrandWell,Real,No
C1-137.jpeg,Fake,Yes,20,DFDetect,Real,No
C2-137.jpeg,Fake,Yes,10,FaceOnLive,Fake,Yes
C2-137.jpeg,Fake,Yes,10,BrandWell,Real,No
C2-137.jpeg,Fake,Yes,10,DFDetect,Real,No
C3-137.jpeg,Fake,Yes,1,FaceOnLive,Real,No
C3-137.jpeg,Fake,Yes,1,BrandWell,Real,No
C3-137.jpeg,Fake,Yes,1,DFDetect,Fake,Yes
138.jpeg,Fake,No,30,FaceOnLive,Fake,Yes
138.jpeg,Fake,No,30,BrandWell,Real,No
138.jpeg,Fake,No,30,DFDetect,Fake,Yes
C1-138.jpeg,Fake,Yes,20,FaceOnLive,Fake,Yes
C1-138.jpeg,Fake,Yes,20,BrandWell,Real,No
C1-138.jpeg,Fake,Yes,20,DFDetect,Real,No
C2-138.jpeg,Fake,Yes,10,FaceOnLive,Fake,Yes
C2-138.jpeg,Fake,Yes,10,BrandWell,Real,No
C2-138.jpeg,Fake,Yes,10,DFDetect,Real,No
C3-138.jpeg,Fake,Yes,1,FaceOnLive,Uncertain,No
C3-138.jpeg,Fake,Yes,1,BrandWell,Real,No
C3-138.jpeg,Fake,Yes,1,DFDetect,Real,No
139.jpeg,Fake,No,30,FaceOnLive,Real,No
139.jpeg,Fake,No,30,BrandWell,Real,No
139.jpeg,Fake,No,30,DFDetect,Real,No
C1-139.jpeg,Fake,Yes,20,FaceOnLive,Uncertain,No
C1-139.jpeg,Fake,Yes,20,BrandWell,Real,No
C1-139.jpeg,Fake,Yes,20,DFDetect,Real,No
C2-139.jpeg,Fake,Yes,10,FaceOnLive,Uncertain,No
C2-139.jpeg,Fake,Yes,10,BrandWell,Real,No
C2-139.jpeg,Fake,Yes,10,DFDetect,Real,No
C3-139.jpeg,Fake,Yes,1,FaceOnLive,Fake,Yes
C3-139.jpeg,Fake,Yes,1,BrandWell,Real,No
C3-139.jpeg,Fake,Yes,1,DFDetect,Uncertain,No
140.jpeg,Fake,No,30,FaceOnLive,Fake,Yes
140.jpeg,Fake,No,30,BrandWell,Real,No
140.jpeg,Fake,No,30,DFDetect,Real,No
C1-140.jpeg,Fake,Yes,20,FaceOnLive,Real,No
C1-140.jpeg,Fake,Yes,20,BrandWell,Real,No
C1-140.jpeg,Fake,Yes,20,DFDetect,Fake,Yes
C2-140.jpeg,Fake,Yes,10,FaceOnLive,Uncertain,No
C2-140.jpeg,Fake,Yes,10,BrandWell,Real,No
C2-140.jpeg,Fake,Yes,10,DFDetect,Fake,Yes
C3-140.jpeg,Fake,Yes,1,FaceOnLive,Fake,Yes
C3-140.jpeg,Fake,Yes,1,BrandWell,Real,No
C3-140.jpeg,Fake,Yes,1,DFDetect,Real,No
141.jpeg,Fake,No,30,FaceOnLive,Fake,Yes
141.jpeg,Fake,No,30,BrandWell,Real,No
141.jpeg,Fake,No,30,DFDetect,Real,No
C1-141.jpeg,Fake,Yes,20,FaceOnLive,Fake,Yes
C1-141.jpeg,Fake,Yes,20,BrandWell,Real,No
C1-141.jpeg,Fake,Yes,20,DFDetect,Fake,Yes
C2-141.jpeg,Fake,Yes,10,FaceOnLive,Fake,Yes
C2-141.jpeg,Fake,Yes,10,BrandWell,Real,No
C2-141.jpeg,Fake,Yes,10,DFDetect,Fake,Yes
C3-141.jpeg,Fake,Yes,1,FaceOnLive,Real,No
C3-141.jpeg,Fake,Yes,1,BrandWell,Real,No
C3-141.jpeg,Fake,Yes,1,DFDetect,Fake,Yes
142.jpeg,Fake,No,30,FaceOnLive,Fake,Yes
142.jpeg,Fake,No,30,BrandWell,Fake,Yes
142.jpeg,Fake,No,30,DFDetect,Real,No
C1-142.jpeg,Fake,Yes,20,FaceOnLive,Fake,Yes
C1-142.jpeg,Fake,Yes,20,BrandWell,Fake,Yes
C1-142.jpeg,Fake,Yes,20,DFDetect,Fake,Yes
C2-142.jpeg,Fake,Yes,10,FaceOnLive,Uncertain,No
C2-142.jpeg,Fake,Yes,10,BrandWell,Real,No
C2-142.jpeg,Fake,Yes,10,DFDetect,Fake,Yes
C3-142.jpeg,Fake,Yes,1,FaceOnLive,Uncertain,No
C3-142.jpeg,Fake,Yes,1,BrandWell,Real,No
C3-142.jpeg,Fake,Yes,1,DFDetect,Fake,Yes
143.jpeg,Fake,No,30,FaceOnLive,Fake,Yes
143.jpeg,Fake,No,30,BrandWell,Real,No
143.jpeg,Fake,No,30,DFDetect,Real,No
C1-143.jpeg,Fake,Yes,20,FaceOnLive,Fake,Yes
C1-143.jpeg,Fake,Yes,20,BrandWell,Real,No
C1-143.jpeg,Fake,Yes,20,DFDetect,Real,No
C2-143.jpeg,Fake,Yes,10,FaceOnLive,Real,No
C2-143.jpeg,Fake,Yes,10,BrandWell,Real,No
C2-143.jpeg,Fake,Yes,10,DFDetect,Real,No
C3-143.jpeg,Fake,Yes,1,FaceOnLive,Real,No
C3-143.jpeg,Fake,Yes,1,BrandWell,Real,No
C3-143.jpeg,Fake,Yes,1,DFDetect,Fake,Yes
144.jpeg,Fake,No,30,FaceOnLive,Fake,Yes
144.jpeg,Fake,No,30,BrandWell,Real,No
144.jpeg,Fake,No,30,DFDetect,Real,No
C1-144.jpeg,Fake,Yes,20,FaceOnLive,Fake,Yes
C1-144.jpeg,Fake,Yes,20,BrandWell,Real,No
C1-144.jpeg,Fake,Yes,20,DFDetect,Real,No
C2-144.jpeg,Fake,Yes,10,FaceOnLive,Fake,Yes
C2-144.jpeg,Fake,Yes,10,BrandWell,Real,No
C2-144.jpeg,Fake,Yes,10,DFDetect,Real,No
C3-144.jpeg,Fake,Yes,1,FaceOnLive,Real,No
C3-144.jpeg,Fake,Yes,1,BrandWell,Real,No
C3-144.jpeg,Fake,Yes,1,DFDetect,Uncertain,No
145.jpeg,Fake,No,30,FaceOnLive,Fake,Yes
145.jpeg,Fake,No,30,BrandWell,Real,No
145.jpeg,Fake,No,30,DFDetect,Real,No
C1-145.jpeg,Fake,Yes,20,FaceOnLive,Fake,Yes
C1-145.jpeg,Fake,Yes,20,BrandWell,Real,No
C1-145.jpeg,Fake,Yes,20,DFDetect,Real,No
C2-145.jpeg,Fake,Yes,10,FaceOnLive,Real,No
C2-145.jpeg,Fake,Yes,10,BrandWell,Real,No
C2-145.jpeg,Fake,Yes,10,DFDetect,Real,No
C3-145.jpeg,Fake,Yes,1,FaceOnLive,Real,No
C3-145.jpeg,Fake,Yes,1,BrandWell,Real,No
C3-145.jpeg,Fake,Yes,1,DFDetect,Real,No
146.jpeg,Fake,No,30,FaceOnLive,Real,No
146.jpeg,Fake,No,30,BrandWell,Real,No
146.jpeg,Fake,No,30,DFDetect,Real,No
C1-146.jpeg,Fake,Yes,20,FaceOnLive,Uncertain,No
C1-146.jpeg,Fake,Yes,20,BrandWell,Real,No
C1-146.jpeg,Fake,Yes,20,DFDetect,Real,No
C2-146.jpeg,Fake,Yes,10,FaceOnLive,Uncertain,No
C2-146.jpeg,Fake,Yes,10,BrandWell,Real,No
C2-146.jpeg,Fake,Yes,10,DFDetect,Real,No
C3-146.jpeg,Fake,Yes,1,FaceOnLive,Real,No
C3-146.jpeg,Fake,Yes,1,BrandWell,Real,No
C3-146.jpeg,Fake,Yes,1,DFDetect,Uncertain,No
147.jpeg,Fake,No,30,FaceOnLive,Fake,Yes
147.jpeg,Fake,No,30,BrandWell,Real,No
147.jpeg,Fake,No,30,DFDetect,Fake,Yes
C1-147.jpeg,Fake,Yes,20,FaceOnLive,Fake,Yes
C1-147.jpeg,Fake,Yes,20,BrandWell,Real,No
C1-147.jpeg,Fake,Yes,20,DFDetect,Fake,Yes
C2-147.jpeg,Fake,Yes,10,FaceOnLive,Fake,Yes
C2-147.jpeg,Fake,Yes,10,BrandWell,Real,No
C2-147.jpeg,Fake,Yes,10,DFDetect,Fake,Yes
C3-147.jpeg,Fake,Yes,1,FaceOnLive,Real,No
C3-147.jpeg,Fake,Yes,1,BrandWell,Real,No
C3-147.jpeg,Fake,Yes,1,DFDetect,Fake,Yes
148.jpeg,Fake,No,30,FaceOnLive,Fake,Yes
148.jpeg,Fake,No,30,BrandWell,Real,No
148.jpeg,Fake,No,30,DFDetect,Real,No
C1-148.jpeg,Fake,Yes,20,FaceOnLive,Fake,Yes
C1-148.jpeg,Fake,Yes,20,BrandWell,Real,No
C1-148.jpeg,Fake,Yes,20,DFDetect,Real,No
C2-148.jpeg,Fake,Yes,10,FaceOnLive,Fake,Yes
C2-148.jpeg,Fake,Yes,10,BrandWell,Real,No
C2-148.jpeg,Fake,Yes,10,DFDetect,Real,No
C3-148.jpeg,Fake,Yes,1,FaceOnLive,Real,No
C3-148.jpeg,Fake,Yes,1,BrandWell,Real,No
C3-148.jpeg,Fake,Yes,1,DFDetect,Real,No
149.jpeg,Fake,No,30,FaceOnLive,Fake,Yes
149.jpeg,Fake,No,30,BrandWell,Fake,Yes
149.jpeg,Fake,No,30,DFDetect,Real,No
C1-149.jpeg,Fake,Yes,20,FaceOnLive,Fake,Yes
C1-149.jpeg,Fake,Yes,20,BrandWell,Real,No
C1-149.jpeg,Fake,Yes,20,DFDetect,Real,No
C2-149.jpeg,Fake,Yes,10,FaceOnLive,Uncertain,No
C2-149.jpeg,Fake,Yes,10,BrandWell,Real,No
C2-149.jpeg,Fake,Yes,10,DFDetect,Real,No
C3-149.jpeg,Fake,Yes,1,FaceOnLive,Real,No
C3-149.jpeg,Fake,Yes,1,BrandWell,Real,No
C3-149.jpeg,Fake,Yes,1,DFDetect,Fake,Yes
150.jpeg,Fake,No,30,FaceOnLive,Fake,Yes
150.jpeg,Fake,No,30,BrandWell,Real,No
150.jpeg,Fake,No,30,DFDetect,Real,No
C1-150.jpeg,Fake,Yes,20,FaceOnLive,Fake,Yes
C1-150.jpeg,Fake,Yes,20,BrandWell,Real,No
C1-150.jpeg,Fake,Yes,20,DFDetect,Real,No
C2-150.jpeg,Fake,Yes,10,FaceOnLive,Fake,Yes
C2-150.jpeg,Fake,Yes,10,BrandWell,Real,No
C2-150.jpeg,Fake,Yes,10,DFDetect,Real,No
C3-150.jpeg,Fake,Yes,1,FaceOnLive,Real,No
C3-150.jpeg,Fake,Yes,1,BrandWell,Real,No
C3-150.jpeg,Fake,Yes,1,DFDetect,Fake,Yes
151.jpeg,Fake,No,30,FaceOnLive,Real,No
151.jpeg,Fake,No,30,BrandWell,Fake,Yes
151.jpeg,Fake,No,30,DFDetect,Real,No
C1-151.jpeg,Fake,Yes,20,FaceOnLive,Real,No
C1-151.jpeg,Fake,Yes,20,BrandWell,Fake,Yes
C1-151.jpeg,Fake,Yes,20,DFDetect,Fake,Yes
C2-151.jpeg,Fake,Yes,10,FaceOnLive,Real,No
C2-151.jpeg,Fake,Yes,10,BrandWell,Real,No
C2-151.jpeg,Fake,Yes,10,DFDetect,Fake,Yes
C3-151.jpeg,Fake,Yes,1,FaceOnLive,Real,No
C3-151.jpeg,Fake,Yes,1,BrandWell,Real,No
C3-151.jpeg,Fake,Yes,1,DFDetect,Fake,Yes
152.jpeg,Fake,No,30,FaceOnLive,Fake,Yes
152.jpeg,Fake,No,30,BrandWell,Fake,Yes
152.jpeg,Fake,No,30,DFDetect,Real,No
C1-152.jpeg,Fake,Yes,20,FaceOnLive,Real,No
C1-152.jpeg,Fake,Yes,20,BrandWell,Fake,Yes
C1-152.jpeg,Fake,Yes,20,DFDetect,Fake,Yes
C2-152.jpeg,Fake,Yes,10,FaceOnLive,Fake,Yes
C2-152.jpeg,Fake,Yes,10,BrandWell,Uncertain,No
C2-152.jpeg,Fake,Yes,10,DFDetect,Real,No
C3-152.jpeg,Fake,Yes,1,FaceOnLive,Real,No
C3-152.jpeg,Fake,Yes,1,BrandWell,Fake,Yes
C3-152.jpeg,Fake,Yes,1,DFDetect,Fake,Yes
153.jpeg,Fake,No,30,FaceOnLive,Fake,Yes
153.jpeg,Fake,No,30,BrandWell,Real,No
153.jpeg,Fake,No,30,DFDetect,Fake,Yes
C1-153.jpeg,Fake,Yes,20,FaceOnLive,Fake,Yes
C1-153.jpeg,Fake,Yes,20,BrandWell,Real,No
C1-153.jpeg,Fake,Yes,20,DFDetect,Fake,Yes
C2-153.jpeg,Fake,Yes,10,FaceOnLive,Fake,Yes
C2-153.jpeg,Fake,Yes,10,BrandWell,Real,No
C2-153.jpeg,Fake,Yes,10,DFDetect,Fake,Yes
C3-153.jpeg,Fake,Yes,1,FaceOnLive,Real,No
C3-153.jpeg,Fake,Yes,1,BrandWell,Real,No
C3-153.jpeg,Fake,Yes,1,DFDetect,Fake,Yes
154.jpeg,Fake,No,30,FaceOnLive,Fake,Yes
154.jpeg,Fake,No,30,BrandWell,Real,No
154.jpeg,Fake,No,30,DFDetect,Real,No
C1-154.jpeg,Fake,Yes,20,FaceOnLive,Fake,Yes
C1-154.jpeg,Fake,Yes,20,BrandWell,Real,No
C1-154.jpeg,Fake,Yes,20,DFDetect,Real,No
C2-154.jpeg,Fake,Yes,10,FaceOnLive,Real,No
C2-154.jpeg,Fake,Yes,10,BrandWell,Real,No
C2-154.jpeg,Fake,Yes,10,DFDetect,Real,No
C3-154.jpeg,Fake,Yes,1,FaceOnLive,Uncertain,No
C3-154.jpeg,Fake,Yes,1,BrandWell,Real,No
C3-154.jpeg,Fake,Yes,1,DFDetect,Uncertain,No
155.jpeg,Fake,No,30,FaceOnLive,Fake,Yes
155.jpeg,Fake,No,30,BrandWell,Real,No
155.jpeg,Fake,No,30,DFDetect,Real,No
C1-155.jpeg,Fake,Yes,20,FaceOnLive,Uncertain,No
C1-155.jpeg,Fake,Yes,20,BrandWell,Real,No
C1-155.jpeg,Fake,Yes,20,DFDetect,Real,No
C2-155.jpeg,Fake,Yes,10,FaceOnLive,Fake,Yes
C2-155.jpeg,Fake,Yes,10,BrandWell,Real,No
C2-155.jpeg,Fake,Yes,10,DFDetect,Real,No
C3-155.jpeg,Fake,Yes,1,FaceOnLive,Real,No
C3-155.jpeg,Fake,Yes,1,BrandWell,Real,No
C3-155.jpeg,Fake,Yes,1,DFDetect,Uncertain,No
156.jpeg,Fake,No,30,FaceOnLive,Fake,Yes
156.jpeg,Fake,No,30,BrandWell,Real,No
156.jpeg,Fake,No,30,DFDetect,Real,No
C1-156.jpeg,Fake,Yes,20,FaceOnLive,Fake,Yes
C1-156.jpeg,Fake,Yes,20,BrandWell,Real,No
C1-156.jpeg,Fake,Yes,20,DFDetect,Real,No
C2-156.jpeg,Fake,Yes,10,FaceOnLive,Real,No
C2-156.jpeg,Fake,Yes,10,BrandWell,Real,No
C2-156.jpeg,Fake,Yes,10,DFDetect,Real,No
C3-156.jpeg,Fake,Yes,1,FaceOnLive,Real,No
C3-156.jpeg,Fake,Yes,1,BrandWell,Real,No
C3-156.jpeg,Fake,Yes,1,DFDetect,Uncertain,No
157.jpeg,Fake,No,30,FaceOnLive,Fake,Yes
157.jpeg,Fake,No,30,BrandWell,Real,No
157.jpeg,Fake,No,30,DFDetect,Fake,Yes
C1-157.jpeg,Fake,Yes,20,FaceOnLive,Real,No
C1-157.jpeg,Fake,Yes,20,BrandWell,Real,No
C1-157.jpeg,Fake,Yes,20,DFDetect,Fake,Yes
C2-157.jpeg,Fake,Yes,10,FaceOnLive,Real,No
C2-157.jpeg,Fake,Yes,10,BrandWell,Real,No
C2-157.jpeg,Fake,Yes,10,DFDetect,Real,No
C3-157.jpeg,Fake,Yes,1,FaceOnLive,Real,No
C3-157.jpeg,Fake,Yes,1,BrandWell,Real,No
C3-157.jpeg,Fake,Yes,1,DFDetect,Uncertain,No
158.jpeg,Fake,No,30,FaceOnLive,Fake,Yes
158.jpeg,Fake,No,30,BrandWell,Real,No
158.jpeg,Fake,No,30,DFDetect,Real,No
C1-158.jpeg,Fake,Yes,20,FaceOnLive,Fake,Yes
C1-158.jpeg,Fake,Yes,20,BrandWell,Real,No
C1-158.jpeg,Fake,Yes,20,DFDetect,Fake,Yes
C2-158.jpeg,Fake,Yes,10,FaceOnLive,Fake,Yes
C2-158.jpeg,Fake,Yes,10,BrandWell,Real,No
C2-158.jpeg,Fake,Yes,10,DFDetect,Real,No
C3-158.jpeg,Fake,Yes,1,FaceOnLive,Real,No
C3-158.jpeg,Fake,Yes,1,BrandWell,Real,No
C3-158.jpeg,Fake,Yes,1,DFDetect,Fake,Yes
159.jpeg,Fake,No,30,FaceOnLive,Fake,Yes
159.jpeg,Fake,No,30,BrandWell,Fake,Yes
159.jpeg,Fake,No,30,DFDetect,Fake,Yes
C1-159.jpeg,Fake,Yes,20,FaceOnLive,Fake,Yes
C1-159.jpeg,Fake,Yes,20,BrandWell,Real,No
C1-159.jpeg,Fake,Yes,20,DFDetect,Fake,Yes
C2-159.jpeg,Fake,Yes,10,FaceOnLive,Real,No
C2-159.jpeg,Fake,Yes,10,BrandWell,Real,No
C2-159.jpeg,Fake,Yes,10,DFDetect,Fake,Yes
C3-159.jpeg,Fake,Yes,1,FaceOnLive,Real,No
C3-159.jpeg,Fake,Yes,1,BrandWell,Real,No
C3-159.jpeg,Fake,Yes,1,DFDetect,Fake,Yes
160.jpeg,Fake,No,30,FaceOnLive,Fake,Yes
160.jpeg,Fake,No,30,BrandWell,Real,No
160.jpeg,Fake,No,30,DFDetect,Real,No
C1-160.jpeg,Fake,Yes,20,FaceOnLive,Fake,Yes
C1-160.jpeg,Fake,Yes,20,BrandWell,Real,No
C1-160.jpeg,Fake,Yes,20,DFDetect,Real,No
C2-160.jpeg,Fake,Yes,10,FaceOnLive,Fake,Yes
C2-160.jpeg,Fake,Yes,10,BrandWell,Real,No
C2-160.jpeg,Fake,Yes,10,DFDetect,Fake,Yes
C3-160.jpeg,Fake,Yes,1,FaceOnLive,Uncertain,No
C3-160.jpeg,Fake,Yes,1,BrandWell,Real,No
C3-160.jpeg,Fake,Yes,1,DFDetect,Fake,Yes
161.jpeg,Fake,No,30,FaceOnLive,Fake,Yes
161.jpeg,Fake,No,30,BrandWell,Fake,Yes
161.jpeg,Fake,No,30,DFDetect,Real,No
C1-161.jpeg,Fake,Yes,20,FaceOnLive,Fake,Yes
C1-161.jpeg,Fake,Yes,20,BrandWell,Real,No
C1-161.jpeg,Fake,Yes,20,DFDetect,Real,No
C2-161.jpeg,Fake,Yes,10,FaceOnLive,Fake,Yes
C2-161.jpeg,Fake,Yes,10,BrandWell,Real,No
C2-161.jpeg,Fake,Yes,10,DFDetect,Real,No
C3-161.jpeg,Fake,Yes,1,FaceOnLive,Real,No
C3-161.jpeg,Fake,Yes,1,BrandWell,Real,No
C3-161.jpeg,Fake,Yes,1,DFDetect,Uncertain,No
162.jpeg,Fake,No,30,FaceOnLive,Fake,Yes
162.jpeg,Fake,No,30,BrandWell,Real,No
162.jpeg,Fake,No,30,DFDetect,Uncertain,No
C1-162.jpeg,Fake,Yes,20,FaceOnLive,Fake,Yes
C1-162.jpeg,Fake,Yes,20,BrandWell,Real,No
C1-162.jpeg,Fake,Yes,20,DFDetect,Uncertain,No
C2-162.jpeg,Fake,Yes,10,FaceOnLive,Real,No
C2-162.jpeg,Fake,Yes,10,BrandWell,Real,No
C2-162.jpeg,Fake,Yes,10,DFDetect,Uncertain,No
C3-162.jpeg,Fake,Yes,1,FaceOnLive,Real,No
C3-162.jpeg,Fake,Yes,1,BrandWell,Real,No
C3-162.jpeg,Fake,Yes,1,DFDetect,Uncertain,No
163.jpeg,Fake,No,30,FaceOnLive,Fake,Yes
163.jpeg,Fake,No,30,BrandWell,Real,No
163.jpeg,Fake,No,30,DFDetect,Real,No
C1-163.jpeg,Fake,Yes,20,FaceOnLive,Uncertain,No
C1-163.jpeg,Fake,Yes,20,BrandWell,Real,No
C1-163.jpeg,Fake,Yes,20,DFDetect,Real,No
C2-163.jpeg,Fake,Yes,10,FaceOnLive,Real,No
C2-163.jpeg,Fake,Yes,10,BrandWell,Real,No
C2-163.jpeg,Fake,Yes,10,DFDetect,Fake,Yes
C3-163.jpeg,Fake,Yes,1,FaceOnLive,Uncertain,No
C3-163.jpeg,Fake,Yes,1,BrandWell,Real,No
C3-163.jpeg,Fake,Yes,1,DFDetect,Uncertain,No
164.jpeg,Fake,No,30,FaceOnLive,Fake,Yes
164.jpeg,Fake,No,30,BrandWell,Fake,Yes
164.jpeg,Fake,No,30,DFDetect,Real,No
C1-164.jpeg,Fake,Yes,20,FaceOnLive,Uncertain,No
C1-164.jpeg,Fake,Yes,20,BrandWell,Fake,Yes
C1-164.jpeg,Fake,Yes,20,DFDetect,Fake,Yes
C2-164.jpeg,Fake,Yes,10,FaceOnLive,Fake,Yes
C2-164.jpeg,Fake,Yes,10,BrandWell,Fake,Yes
C2-164.jpeg,Fake,Yes,10,DFDetect,Fake,Yes
C3-164.jpeg,Fake,Yes,1,FaceOnLive,Real,No
C3-164.jpeg,Fake,Yes,1,BrandWell,Fake,Yes
C3-164.jpeg,Fake,Yes,1,DFDetect,Fake,Yes
165.jpeg,Fake,No,30,FaceOnLive,Fake,Yes
165.jpeg,Fake,No,30,BrandWell,Real,No
165.jpeg,Fake,No,30,DFDetect,Real,No
C1-165.jpeg,Fake,Yes,20,FaceOnLive,Real,No
C1-165.jpeg,Fake,Yes,20,BrandWell,Real,No
C1-165.jpeg,Fake,Yes,20,DFDetect,Real,No
C2-165.jpeg,Fake,Yes,10,FaceOnLive,Real,No
C2-165.jpeg,Fake,Yes,10,BrandWell,Real,No
C2-165.jpeg,Fake,Yes,10,DFDetect,Real,No
C3-165.jpeg,Fake,Yes,1,FaceOnLive,Real,No
C3-165.jpeg,Fake,Yes,1,BrandWell,Real,No
C3-165.jpeg,Fake,Yes,1,DFDetect,Fake,Yes
166.jpeg,Fake,No,30,FaceOnLive,Fake,Yes
166.jpeg,Fake,No,30,BrandWell,Fake,Yes
166.jpeg,Fake,No,30,DFDetect,Fake,Yes
C1-166.jpeg,Fake,Yes,20,FaceOnLive,Fake,Yes
C1-166.jpeg,Fake,Yes,20,BrandWell,Uncertain,No
C1-166.jpeg,Fake,Yes,20,DFDetect,Fake,Yes
C2-166.jpeg,Fake,Yes,10,FaceOnLive,Fake,Yes
C2-166.jpeg,Fake,Yes,10,BrandWell,Real,No
C2-166.jpeg,Fake,Yes,10,DFDetect,Fake,Yes
C3-166.jpeg,Fake,Yes,1,FaceOnLive,Real,No
C3-166.jpeg,Fake,Yes,1,BrandWell,Real,No
C3-166.jpeg,Fake,Yes,1,DFDetect,Fake,Yes
167.jpeg,Fake,No,30,FaceOnLive,Fake,Yes
167.jpeg,Fake,No,30,BrandWell,Real,No
167.jpeg,Fake,No,30,DFDetect,Real,No
C1-167.jpeg,Fake,Yes,20,FaceOnLive,Uncertain,No
C1-167.jpeg,Fake,Yes,20,BrandWell,Real,No
C1-167.jpeg,Fake,Yes,20,DFDetect,Real,No
C2-167.jpeg,Fake,Yes,10,FaceOnLive,Real,No
C2-167.jpeg,Fake,Yes,10,BrandWell,Real,No
C2-167.jpeg,Fake,Yes,10,DFDetect,Real,No
C3-167.jpeg,Fake,Yes,1,FaceOnLive,Real,No
C3-167.jpeg,Fake,Yes,1,BrandWell,Real,No
C3-167.jpeg,Fake,Yes,1,DFDetect,Uncertain,No
168.jpeg,Fake,No,30,FaceOnLive,Fake,Yes
168.jpeg,Fake,No,30,BrandWell,Fake,Yes
168.jpeg,Fake,No,30,DFDetect,Real,No
C1-168.jpeg,Fake,Yes,20,FaceOnLive,Fake,Yes
C1-168.jpeg,Fake,Yes,20,BrandWell,Real,No
C1-168.jpeg,Fake,Yes,20,DFDetect,Real,No
C2-168.jpeg,Fake,Yes,10,FaceOnLive,Fake,Yes
C2-168.jpeg,Fake,Yes,10,BrandWell,Real,No
C2-168.jpeg,Fake,Yes,10,DFDetect,Real,No
C3-168.jpeg,Fake,Yes,1,FaceOnLive,Real,No
C3-168.jpeg,Fake,Yes,1,BrandWell,Real,No
C3-168.jpeg,Fake,Yes,1,DFDetect,Real,No
169.jpeg,Fake,No,30,FaceOnLive,Fake,Yes
169.jpeg,Fake,No,30,BrandWell,Real,No
169.jpeg,Fake,No,30,DFDetect,Real,No
C1-169.jpeg,Fake,Yes,20,FaceOnLive,Fake,Yes
C1-169.jpeg,Fake,Yes,20,BrandWell,Real,No
C1-169.jpeg,Fake,Yes,20,DFDetect,Real,No
C2-169.jpeg,Fake,Yes,10,FaceOnLive,Fake,Yes
C2-169.jpeg,Fake,Yes,10,BrandWell,Real,No
C2-169.jpeg,Fake,Yes,10,DFDetect,Real,No
C3-169.jpeg,Fake,Yes,1,FaceOnLive,Real,No
C3-169.jpeg,Fake,Yes,1,BrandWell,Real,No
C3-169.jpeg,Fake,Yes,1,DFDetect,Fake,Yes
170.jpeg,Fake,No,30,FaceOnLive,Fake,Yes
170.jpeg,Fake,No,30,BrandWell,Fake,Yes
170.jpeg,Fake,No,30,DFDetect,Real,No
C1-170.jpeg,Fake,Yes,20,FaceOnLive,Uncertain,No
C1-170.jpeg,Fake,Yes,20,BrandWell,Real,No
C1-170.jpeg,Fake,Yes,20,DFDetect,Real,No
C2-170.jpeg,Fake,Yes,10,FaceOnLive,Real,No
C2-170.jpeg,Fake,Yes,10,BrandWell,Real,No
C2-170.jpeg,Fake,Yes,10,DFDetect,Real,No
C3-170.jpeg,Fake,Yes,1,FaceOnLive,Real,No
C3-170.jpeg,Fake,Yes,1,BrandWell,Real,No
C3-170.jpeg,Fake,Yes,1,DFDetect,Fake,Yes
171.jpeg,Fake,No,30,FaceOnLive,Fake,Yes
171.jpeg,Fake,No,30,BrandWell,Real,No
171.jpeg,Fake,No,30,DFDetect,Real,No
C1-171.jpeg,Fake,Yes,20,FaceOnLive,Fake,Yes
C1-171.jpeg,Fake,Yes,20,BrandWell,Real,No
C1-171.jpeg,Fake,Yes,20,DFDetect,Real,No
C2-171.jpeg,Fake,Yes,10,FaceOnLive,Fake,Yes
C2-171.jpeg,Fake,Yes,10,BrandWell,Real,No
C2-171.jpeg,Fake,Yes,10,DFDetect,Real,No
C3-171.jpeg,Fake,Yes,1,FaceOnLive,Real,No
C3-171.jpeg,Fake,Yes,1,BrandWell,Real,No
C3-171.jpeg,Fake,Yes,1,DFDetect,Uncertain,No
172.jpeg,Fake,No,30,FaceOnLive,Fake,Yes
172.jpeg,Fake,No,30,BrandWell,Real,No
172.jpeg,Fake,No,30,DFDetect,Real,No
C1-172.jpeg,Fake,Yes,20,FaceOnLive,Fake,Yes
C1-172.jpeg,Fake,Yes,20,BrandWell,Real,No
C1-172.jpeg,Fake,Yes,20,DFDetect,Fake,Yes
C2-172.jpeg,Fake,Yes,10,FaceOnLive,Fake,Yes
C2-172.jpeg,Fake,Yes,10,BrandWell,Real,No
C2-172.jpeg,Fake,Yes,10,DFDetect,Real,No
C3-172.jpeg,Fake,Yes,1,FaceOnLive,Real,No
C3-172.jpeg,Fake,Yes,1,BrandWell,Real,No
C3-172.jpeg,Fake,Yes,1,DFDetect,Uncertain,No
173.jpeg,Fake,No,30,FaceOnLive,Fake,Yes
173.jpeg,Fake,No,30,BrandWell,Fake,Yes
173.jpeg,Fake,No,30,DFDetect,Real,No
C1-173.jpeg,Fake,Yes,20,FaceOnLive,Real,No
C1-173.jpeg,Fake,Yes,20,BrandWell,Real,No
C1-173.jpeg,Fake,Yes,20,DFDetect,Real,No
C2-173.jpeg,Fake,Yes,10,FaceOnLive,Real,No
C2-173.jpeg,Fake,Yes,10,BrandWell,Real,No
C2-173.jpeg,Fake,Yes,10,DFDetect,Real,No
C3-173.jpeg,Fake,Yes,1,FaceOnLive,Real,No
C3-173.jpeg,Fake,Yes,1,BrandWell,Real,No
C3-173.jpeg,Fake,Yes,1,DFDetect,Fake,Yes
174.jpeg,Fake,No,30,FaceOnLive,Fake,Yes
174.jpeg,Fake,No,30,BrandWell,Real,No
174.jpeg,Fake,No,30,DFDetect,Real,No
C1-174.jpeg,Fake,Yes,20,FaceOnLive,Fake,Yes
C1-174.jpeg,Fake,Yes,20,BrandWell,Real,No
C1-174.jpeg,Fake,Yes,20,DFDetect,Real,No
C2-174.jpeg,Fake,Yes,10,FaceOnLive,Fake,Yes
C2-174.jpeg,Fake,Yes,10,BrandWell,Real,No
C2-174.jpeg,Fake,Yes,10,DFDetect,Real,No
C3-174.jpeg,Fake,Yes,1,FaceOnLive,Real,No
C3-174.jpeg,Fake,Yes,1,BrandWell,Real,No
C3-174.jpeg,Fake,Yes,1,DFDetect,Uncertain,No
175.jpeg,Fake,No,30,FaceOnLive,Fake,Yes
175.jpeg,Fake,No,30,BrandWell,Fake,Yes
175.jpeg,Fake,No,30,DFDetect,Real,No
C1-175.jpeg,Fake,Yes,20,FaceOnLive,Fake,Yes
C1-175.jpeg,Fake,Yes,20,BrandWell,Real,No
C1-175.jpeg,Fake,Yes,20,DFDetect,Real,No
C2-175.jpeg,Fake,Yes,10,FaceOnLive,Real,No
C2-175.jpeg,Fake,Yes,10,BrandWell,Fake,Yes
C2-175.jpeg,Fake,Yes,10,DFDetect,Real,No
C3-175.jpeg,Fake,Yes,1,FaceOnLive,Real,No
C3-175.jpeg,Fake,Yes,1,BrandWell,Real,No
C3-175.jpeg,Fake,Yes,1,DFDetect,Fake,Yes
176.jpeg,Fake,No,30,FaceOnLive,Fake,Yes
176.jpeg,Fake,No,30,BrandWell,Fake,Yes
176.jpeg,Fake,No,30,DFDetect,Real,No
C1-176.jpeg,Fake,Yes,20,FaceOnLive,Fake,Yes
C1-176.jpeg,Fake,Yes,20,BrandWell,Real,No
C1-176.jpeg,Fake,Yes,20,DFDetect,Real,No
C2-176.jpeg,Fake,Yes,10,FaceOnLive,Fake,Yes
C2-176.jpeg,Fake,Yes,10,BrandWell,Real,No
C2-176.jpeg,Fake,Yes,10,DFDetect,Real,No
C3-176.jpeg,Fake,Yes,1,FaceOnLive,Real,No
C3-176.jpeg,Fake,Yes,1,BrandWell,Real,No
C3-176.jpeg,Fake,Yes,1,DFDetect,Real,No
177.jpeg,Fake,No,30,FaceOnLive,Fake,Yes
177.jpeg,Fake,No,30,BrandWell,Fake,Yes
177.jpeg,Fake,No,30,DFDetect,Fake,Yes
C1-177.jpeg,Fake,Yes,20,FaceOnLive,Fake,Yes
C1-177.jpeg,Fake,Yes,20,BrandWell,Real,No
C1-177.jpeg,Fake,Yes,20,DFDetect,Real,No
C2-177.jpeg,Fake,Yes,10,FaceOnLive,Fake,Yes
C2-177.jpeg,Fake,Yes,10,BrandWell,Real,No
C2-177.jpeg,Fake,Yes,10,DFDetect,Fake,Yes
C3-177.jpeg,Fake,Yes,1,FaceOnLive,Uncertain,No
C3-177.jpeg,Fake,Yes,1,BrandWell,Real,No
C3-177.jpeg,Fake,Yes,1,DFDetect,Fake,Yes
178.jpeg,Fake,No,30,FaceOnLive,Fake,Yes
178.jpeg,Fake,No,30,BrandWell,Fake,Yes
178.jpeg,Fake,No,30,DFDetect,Real,No
C1-178.jpeg,Fake,Yes,20,FaceOnLive,Fake,Yes
C1-178.jpeg,Fake,Yes,20,BrandWell,Fake,Yes
C1-178.jpeg,Fake,Yes,20,DFDetect,Fake,Yes
C2-178.jpeg,Fake,Yes,10,FaceOnLive,Fake,Yes
C2-178.jpeg,Fake,Yes,10,BrandWell,Real,No
C2-178.jpeg,Fake,Yes,10,DFDetect,Fake,Yes
C3-178.jpeg,Fake,Yes,1,FaceOnLive,Real,No
C3-178.jpeg,Fake,Yes,1,BrandWell,Real,No
C3-178.jpeg,Fake,Yes,1,DFDetect,Fake,Yes
179.jpeg,Fake,No,30,FaceOnLive,Fake,Yes
179.jpeg,Fake,No,30,BrandWell,Real,No
179.jpeg,Fake,No,30,DFDetect,Real,No
C1-179.jpeg,Fake,Yes,20,FaceOnLive,Real,No
C1-179.jpeg,Fake,Yes,20,BrandWell,Real,No
C1-179.jpeg,Fake,Yes,20,DFDetect,Fake,Yes
C2-179.jpeg,Fake,Yes,10,FaceOnLive,Real,No
C2-179.jpeg,Fake,Yes,10,BrandWell,Real,No
C2-179.jpeg,Fake,Yes,10,DFDetect,Fake,Yes
C3-179.jpeg,Fake,Yes,1,FaceOnLive,Real,No
C3-179.jpeg,Fake,Yes,1,BrandWell,Real,No
C3-179.jpeg,Fake,Yes,1,DFDetect,Real,No
180.jpeg,Fake,No,30,FaceOnLive,Fake,Yes
180.jpeg,Fake,No,30,BrandWell,Real,No
180.jpeg,Fake,No,30,DFDetect,Real,No
C1-180.jpeg,Fake,Yes,20,FaceOnLive,Fake,Yes
C1-180.jpeg,Fake,Yes,20,BrandWell,Real,No
C1-180.jpeg,Fake,Yes,20,DFDetect,Fake,Yes
C2-180.jpeg,Fake,Yes,10,FaceOnLive,Real,No
C2-180.jpeg,Fake,Yes,10,BrandWell,Real,No
C2-180.jpeg,Fake,Yes,10,DFDetect,Real,No
C3-180.jpeg,Fake,Yes,1,FaceOnLive,Real,No
C3-180.jpeg,Fake,Yes,1,BrandWell,Real,No
C3-180.jpeg,Fake,Yes,1,DFDetect,Uncertain,No
181.jpeg,Fake,No,30,FaceOnLive,Fake,Yes
181.jpeg,Fake,No,30,BrandWell,Real,No
181.jpeg,Fake,No,30,DFDetect,Real,No
C1-181.jpeg,Fake,Yes,20,FaceOnLive,Fake,Yes
C1-181.jpeg,Fake,Yes,20,BrandWell,Real,No
C1-181.jpeg,Fake,Yes,20,DFDetect,Real,No
C2-181.jpeg,Fake,Yes,10,FaceOnLive,Fake,Yes
C2-181.jpeg,Fake,Yes,10,BrandWell,Real,No
C2-181.jpeg,Fake,Yes,10,DFDetect,Real,No
C3-181.jpeg,Fake,Yes,1,FaceOnLive,Real,No
C3-181.jpeg,Fake,Yes,1,BrandWell,Real,No
C3-181.jpeg,Fake,Yes,1,DFDetect,Real,No
182.jpeg,Fake,No,30,FaceOnLive,Fake,Yes
182.jpeg,Fake,No,30,BrandWell,Real,No
182.jpeg,Fake,No,30,DFDetect,Real,No
C1-182.jpeg,Fake,Yes,20,FaceOnLive,Fake,Yes
C1-182.jpeg,Fake,Yes,20,BrandWell,Real,No
C1-182.jpeg,Fake,Yes,20,DFDetect,Real,No
C2-182.jpeg,Fake,Yes,10,FaceOnLive,Fake,Yes
C2-182.jpeg,Fake,Yes,10,BrandWell,Real,No
C2-182.jpeg,Fake,Yes,10,DFDetect,Real,No
C3-182.jpeg,Fake,Yes,1,FaceOnLive,Real,No
C3-182.jpeg,Fake,Yes,1,BrandWell,Real,No
C3-182.jpeg,Fake,Yes,1,DFDetect,Real,No
183.jpeg,Fake,No,30,FaceOnLive,Fake,Yes
183.jpeg,Fake,No,30,BrandWell,Real,No
183.jpeg,Fake,No,30,DFDetect,Real,No
C1-183.jpeg,Fake,Yes,20,FaceOnLive,Uncertain,No
C1-183.jpeg,Fake,Yes,20,BrandWell,Real,No
C1-183.jpeg,Fake,Yes,20,DFDetect,Real,No
C2-183.jpeg,Fake,Yes,10,FaceOnLive,Fake,Yes
C2-183.jpeg,Fake,Yes,10,BrandWell,Real,No
C2-183.jpeg,Fake,Yes,10,DFDetect,Real,No
C3-183.jpeg,Fake,Yes,1,FaceOnLive,Real,No
C3-183.jpeg,Fake,Yes,1,BrandWell,Real,No
C3-183.jpeg,Fake,Yes,1,DFDetect,Uncertain,No
184.jpeg,Fake,No,30,FaceOnLive,Fake,Yes
184.jpeg,Fake,No,30,BrandWell,Real,No
184.jpeg,Fake,No,30,DFDetect,Real,No
C1-184.jpeg,Fake,Yes,20,FaceOnLive,Fake,Yes
C1-184.jpeg,Fake,Yes,20,BrandWell,Real,No
C1-184.jpeg,Fake,Yes,20,DFDetect,Real,No
C2-184.jpeg,Fake,Yes,10,FaceOnLive,Fake,Yes
C2-184.jpeg,Fake,Yes,10,BrandWell,Real,No
C2-184.jpeg,Fake,Yes,10,DFDetect,Fake,Yes
C3-184.jpeg,Fake,Yes,1,FaceOnLive,Real,No
C3-184.jpeg,Fake,Yes,1,BrandWell,Real,No
C3-184.jpeg,Fake,Yes,1,DFDetect,Uncertain,No
185.jpeg,Fake,No,30,FaceOnLive,Fake,Yes
185.jpeg,Fake,No,30,BrandWell,Fake,Yes
185.jpeg,Fake,No,30,DFDetect,Real,No
C1-185.jpeg,Fake,Yes,20,FaceOnLive,Fake,Yes
C1-185.jpeg,Fake,Yes,20,BrandWell,Fake,Yes
C1-185.jpeg,Fake,Yes,20,DFDetect,Fake,Yes
C2-185.jpeg,Fake,Yes,10,FaceOnLive,Real,No
C2-185.jpeg,Fake,Yes,10,BrandWell,Fake,Yes
C2-185.jpeg,Fake,Yes,10,DFDetect,Real,No
C3-185.jpeg,Fake,Yes,1,FaceOnLive,Real,No
C3-185.jpeg,Fake,Yes,1,BrandWell,Fake,Yes
C3-185.jpeg,Fake,Yes,1,DFDetect,Fake,Yes
186.jpeg,Fake,No,30,FaceOnLive,Fake,Yes
186.jpeg,Fake,No,30,BrandWell,Fake,Yes
186.jpeg,Fake,No,30,DFDetect,Real,No
C1-186.jpeg,Fake,Yes,20,FaceOnLive,Fake,Yes
C1-186.jpeg,Fake,Yes,20,BrandWell,Fake,Yes
C1-186.jpeg,Fake,Yes,20,DFDetect,Fake,Yes
C2-186.jpeg,Fake,Yes,10,FaceOnLive,Uncertain,No
C2-186.jpeg,Fake,Yes,10,BrandWell,Real,No
C2-186.jpeg,Fake,Yes,10,DFDetect,Fake,Yes
C3-186.jpeg,Fake,Yes,1,FaceOnLive,Real,No
C3-186.jpeg,Fake,Yes,1,BrandWell,Fake,Yes
C3-186.jpeg,Fake,Yes,1,DFDetect,Fake,Yes
187.jpeg,Fake,No,30,FaceOnLive,Fake,Yes
187.jpeg,Fake,No,30,BrandWell,Real,No
187.jpeg,Fake,No,30,DFDetect,Fake,Yes
C1-187.jpeg,Fake,Yes,20,FaceOnLive,Fake,Yes
C1-187.jpeg,Fake,Yes,20,BrandWell,Real,No
C1-187.jpeg,Fake,Yes,20,DFDetect,Fake,Yes
C2-187.jpeg,Fake,Yes,10,FaceOnLive,Fake,Yes
C2-187.jpeg,Fake,Yes,10,BrandWell,Real,No
C2-187.jpeg,Fake,Yes,10,DFDetect,Fake,Yes
C3-187.jpeg,Fake,Yes,1,FaceOnLive,Real,No
C3-187.jpeg,Fake,Yes,1,BrandWell,Real,No
C3-187.jpeg,Fake,Yes,1,DFDetect,Fake,Yes
188.jpeg,Fake,No,30,FaceOnLive,Fake,Yes
188.jpeg,Fake,No,30,BrandWell,Real,No
188.jpeg,Fake,No,30,DFDetect,Real,No
C1-188.jpeg,Fake,Yes,20,FaceOnLive,Fake,Yes
C1-188.jpeg,Fake,Yes,20,BrandWell,Real,No
C1-188.jpeg,Fake,Yes,20,DFDetect,Fake,Yes
C2-188.jpeg,Fake,Yes,10,FaceOnLive,Real,No
C2-188.jpeg,Fake,Yes,10,BrandWell,Real,No
C2-188.jpeg,Fake,Yes,10,DFDetect,Fake,Yes
C3-188.jpeg,Fake,Yes,1,FaceOnLive,Fake,Yes
C3-188.jpeg,Fake,Yes,1,BrandWell,Real,No
C3-188.jpeg,Fake,Yes,1,DFDetect,Real,No
189.jpeg,Fake,No,30,FaceOnLive,Real,No
189.jpeg,Fake,No,30,BrandWell,Real,No
189.jpeg,Fake,No,30,DFDetect,Real,No
C1-189.jpeg,Fake,Yes,20,FaceOnLive,Real,No
C1-189.jpeg,Fake,Yes,20,BrandWell,Real,No
C1-189.jpeg,Fake,Yes,20,DFDetect,Real,No
C2-189.jpeg,Fake,Yes,10,FaceOnLive,Real,No
C2-189.jpeg,Fake,Yes,10,BrandWell,Real,No
C2-189.jpeg,Fake,Yes,10,DFDetect,Real,No
C3-189.jpeg,Fake,Yes,1,FaceOnLive,Fake,Yes
C3-189.jpeg,Fake,Yes,1,BrandWell,Real,No
C3-189.jpeg,Fake,Yes,1,DFDetect,Fake,Yes
190.jpeg,Fake,No,30,FaceOnLive,Fake,Yes
190.jpeg,Fake,No,30,BrandWell,Real,No
190.jpeg,Fake,No,30,DFDetect,Real,No
C1-190.jpeg,Fake,Yes,20,FaceOnLive,Fake,Yes
C1-190.jpeg,Fake,Yes,20,BrandWell,Real,No
C1-190.jpeg,Fake,Yes,20,DFDetect,Real,No
C2-190.jpeg,Fake,Yes,10,FaceOnLive,Fake,Yes
C2-190.jpeg,Fake,Yes,10,BrandWell,Real,No
C2-190.jpeg,Fake,Yes,10,DFDetect,Real,No
C3-190.jpeg,Fake,Yes,1,FaceOnLive,Real,No
C3-190.jpeg,Fake,Yes,1,BrandWell,Real,No
C3-190.jpeg,Fake,Yes,1,DFDetect,Fake,Yes
191.jpeg,Fake,No,30,FaceOnLive,Fake,Yes
191.jpeg,Fake,No,30,BrandWell,Fake,Yes
191.jpeg,Fake,No,30,DFDetect,Real,No
C1-191.jpeg,Fake,Yes,20,FaceOnLive,Fake,Yes
C1-191.jpeg,Fake,Yes,20,BrandWell,Fake,Yes
C1-191.jpeg,Fake,Yes,20,DFDetect,Real,No
C2-191.jpeg,Fake,Yes,10,FaceOnLive,Fake,Yes
C2-191.jpeg,Fake,Yes,10,BrandWell,Real,No
C2-191.jpeg,Fake,Yes,10,DFDetect,Real,No
C3-191.jpeg,Fake,Yes,1,FaceOnLive,Real,No
C3-191.jpeg,Fake,Yes,1,BrandWell,Real,No
C3-191.jpeg,Fake,Yes,1,DFDetect,Fake,Yes
192.jpeg,Fake,No,30,FaceOnLive,Fake,Yes
192.jpeg,Fake,No,30,BrandWell,Real,No
192.jpeg,Fake,No,30,DFDetect,Fake,Yes
C1-192.jpeg,Fake,Yes,20,FaceOnLive,Fake,Yes
C1-192.jpeg,Fake,Yes,20,BrandWell,Real,No
C1-192.jpeg,Fake,Yes,20,DFDetect,Fake,Yes
C2-192.jpeg,Fake,Yes,10,FaceOnLive,Fake,Yes
C2-192.jpeg,Fake,Yes,10,BrandWell,Real,No
C2-192.jpeg,Fake,Yes,10,DFDetect,Real,No
C3-192.jpeg,Fake,Yes,1,FaceOnLive,Fake,Yes
C3-192.jpeg,Fake,Yes,1,BrandWell,Real,No
C3-192.jpeg,Fake,Yes,1,DFDetect,Real,No
193.jpeg,Fake,No,30,FaceOnLive,Fake,Yes
193.jpeg,Fake,No,30,BrandWell,Real,No
193.jpeg,Fake,No,30,DFDetect,Real,No
C1-193.jpeg,Fake,Yes,20,FaceOnLive,Fake,Yes
C1-193.jpeg,Fake,Yes,20,BrandWell,Real,No
C1-193.jpeg,Fake,Yes,20,DFDetect,Real,No
C2-193.jpeg,Fake,Yes,10,FaceOnLive,Real,No
C2-193.jpeg,Fake,Yes,10,BrandWell,Real,No
C2-193.jpeg,Fake,Yes,10,DFDetect,Real,No
C3-193.jpeg,Fake,Yes,1,FaceOnLive,Uncertain,No
C3-193.jpeg,Fake,Yes,1,BrandWell,Real,No
C3-193.jpeg,Fake,Yes,1,DFDetect,Uncertain,No
194.jpeg,Fake,No,30,FaceOnLive,Fake,Yes
194.jpeg,Fake,No,30,BrandWell,Fake,Yes
194.jpeg,Fake,No,30,DFDetect,Real,No
C1-194.jpeg,Fake,Yes,20,FaceOnLive,Fake,Yes
C1-194.jpeg,Fake,Yes,20,BrandWell,Fake,Yes
C1-194.jpeg,Fake,Yes,20,DFDetect,Real,No
C2-194.jpeg,Fake,Yes,10,FaceOnLive,Real,No
C2-194.jpeg,Fake,Yes,10,BrandWell,Real,No
C2-194.jpeg,Fake,Yes,10,DFDetect,Real,No
C3-194.jpeg,Fake,Yes,1,FaceOnLive,Real,No
C3-194.jpeg,Fake,Yes,1,BrandWell,Real,No
C3-194.jpeg,Fake,Yes,1,DFDetect,Fake,Yes
195.jpeg,Fake,No,30,FaceOnLive,Fake,Yes
195.jpeg,Fake,No,30,BrandWell,Fake,Yes
195.jpeg,Fake,No,30,DFDetect,Real,No
C1-195.jpeg,Fake,Yes,20,FaceOnLive,Fake,Yes
C1-195.jpeg,Fake,Yes,20,BrandWell,Real,No
C1-195.jpeg,Fake,Yes,20,DFDetect,Real,No
C2-195.jpeg,Fake,Yes,10,FaceOnLive,Uncertain,No
C2-195.jpeg,Fake,Yes,10,BrandWell,Real,No
C2-195.jpeg,Fake,Yes,10,DFDetect,Real,No
C3-195.jpeg,Fake,Yes,1,FaceOnLive,Real,No
C3-195.jpeg,Fake,Yes,1,BrandWell,Real,No
C3-195.jpeg,Fake,Yes,1,DFDetect,Fake,Yes
196.jpeg,Fake,No,30,FaceOnLive,Fake,Yes
196.jpeg,Fake,No,30,BrandWell,Real,No
196.jpeg,Fake,No,30,DFDetect,Real,No
C1-196.jpeg,Fake,Yes,20,FaceOnLive,Fake,Yes
C1-196.jpeg,Fake,Yes,20,BrandWell,Real,No
C1-196.jpeg,Fake,Yes,20,DFDetect,Real,No
C2-196.jpeg,Fake,Yes,10,FaceOnLive,Fake,Yes
C2-196.jpeg,Fake,Yes,10,BrandWell,Real,No
C2-196.jpeg,Fake,Yes,10,DFDetect,Real,No
C3-196.jpeg,Fake,Yes,1,FaceOnLive,Uncertain,No
C3-196.jpeg,Fake,Yes,1,BrandWell,Real,No
C3-196.jpeg,Fake,Yes,1,DFDetect,Uncertain,No
197.jpeg,Fake,No,30,FaceOnLive,Fake,Yes
197.jpeg,Fake,No,30,BrandWell,Fake,Yes
197.jpeg,Fake,No,30,DFDetect,Real,No
C1-197.jpeg,Fake,Yes,20,FaceOnLive,Real,No
C1-197.jpeg,Fake,Yes,20,BrandWell,Real,No
C1-197.jpeg,Fake,Yes,20,DFDetect,Fake,Yes
C2-197.jpeg,Fake,Yes,10,FaceOnLive,Fake,Yes
C2-197.jpeg,Fake,Yes,10,BrandWell,Real,No
C2-197.jpeg,Fake,Yes,10,DFDetect,Fake,Yes
C3-197.jpeg,Fake,Yes,1,FaceOnLive,Real,No
C3-197.jpeg,Fake,Yes,1,BrandWell,Real,No
C3-197.jpeg,Fake,Yes,1,DFDetect,Uncertain,No
198.jpeg,Fake,No,30,FaceOnLive,Real,No
198.jpeg,Fake,No,30,BrandWell,Real,No
198.jpeg,Fake,No,30,DFDetect,Real,No
C1-198.jpeg,Fake,Yes,20,FaceOnLive,Real,No
C1-198.jpeg,Fake,Yes,20,BrandWell,Real,No
C1-198.jpeg,Fake,Yes,20,DFDetect,Real,No
C2-198.jpeg,Fake,Yes,10,FaceOnLive,Real,No
C2-198.jpeg,Fake,Yes,10,BrandWell,Real,No
C2-198.jpeg,Fake,Yes,10,DFDetect,Fake,Yes
C3-198.jpeg,Fake,Yes,1,FaceOnLive,Uncertain,No
C3-198.jpeg,Fake,Yes,1,BrandWell,Real,No
C3-198.jpeg,Fake,Yes,1,DFDetect,Fake,Yes
199.jpeg,Fake,No,30,FaceOnLive,Fake,Yes
199.jpeg,Fake,No,30,BrandWell,Real,No
199.jpeg,Fake,No,30,DFDetect,Fake,Yes
C1-199.jpeg,Fake,Yes,20,FaceOnLive,Uncertain,No
C1-199.jpeg,Fake,Yes,20,BrandWell,Real,No
C1-199.jpeg,Fake,Yes,20,DFDetect,Fake,Yes
C2-199.jpeg,Fake,Yes,10,FaceOnLive,Real,No
C2-199.jpeg,Fake,Yes,10,BrandWell,Real,No
C2-199.jpeg,Fake,Yes,10,DFDetect,Fake,Yes
C3-199.jpeg,Fake,Yes,1,FaceOnLive,Real,No
C3-199.jpeg,Fake,Yes,1,BrandWell,Real,No
C3-199.jpeg,Fake,Yes,1,DFDetect,Real,No
200.jpeg,Fake,No,30,FaceOnLive,Fake,Yes
200.jpeg,Fake,No,30,BrandWell,Fake,Yes
200.jpeg,Fake,No,30,DFDetect,Real,No
C1-200.jpeg,Fake,Yes,20,FaceOnLive,Fake,Yes
C1-200.jpeg,Fake,Yes,20,BrandWell,Fake,Yes
C1-200.jpeg,Fake,Yes,20,DFDetect,Fake,Yes
C2-200.jpeg,Fake,Yes,10,FaceOnLive,Uncertain,No
C2-200.jpeg,Fake,Yes,10,BrandWell,Fake,Yes
C2-200.jpeg,Fake,Yes,10,DFDetect,Fake,Yes
C3-200.jpeg,Fake,Yes,1,FaceOnLive,Real,No
C3-200.jpeg,Fake,Yes,1,BrandWell,Real,No
C3-200.jpeg,Fake,Yes,1,DFDetect,Fake,Yes